y_val,y_pred_dummy
22332,29589.66334546848
10775,29589.66334546848
24504,29589.66334546848
18249,29589.66334546848
19460,29589.66334546848
27602,29589.66334546848
57391,29589.66334546848
9388,29589.66334546848
16182,29589.66334546848
11448,29589.66334546848
14358,29589.66334546848
18299,29589.66334546848
31858,29589.66334546848
9881,29589.66334546848
14098,29589.66334546848
9393,29589.66334546848
5877,29589.66334546848
29345,29589.66334546848
27756,29589.66334546848
8801,29589.66334546848
13495,29589.66334546848
45236,29589.66334546848
27639,29589.66334546848
54456,29589.66334546848
38688,29589.66334546848
18953,29589.66334546848
37362,29589.66334546848
38536,29589.66334546848
28383,29589.66334546848
54191,29589.66334546848
21511,29589.66334546848
26527,29589.66334546848
26807,29589.66334546848
32680,29589.66334546848
20275,29589.66334546848
19415,29589.66334546848
12472,29589.66334546848
8989,29589.66334546848
6941,29589.66334546848
43373,29589.66334546848
25165,29589.66334546848
17324,29589.66334546848
35062,29589.66334546848
22479,29589.66334546848
36827,29589.66334546848
28699,29589.66334546848
33493,29589.66334546848
17379,29589.66334546848
17276,29589.66334546848
19011,29589.66334546848
11243,29589.66334546848
37264,29589.66334546848
44173,29589.66334546848
35949,29589.66334546848
17908,29589.66334546848
9687,29589.66334546848
15804,29589.66334546848
26307,29589.66334546848
12610,29589.66334546848
23059,29589.66334546848
39302,29589.66334546848
26274,29589.66334546848
29629,29589.66334546848
14954,29589.66334546848
39549,29589.66334546848
30629,29589.66334546848
17187,29589.66334546848
14816,29589.66334546848
25668,29589.66334546848
12388,29589.66334546848
22913,29589.66334546848
17985,29589.66334546848
40584,29589.66334546848
41258,29589.66334546848
20777,29589.66334546848
52445,29589.66334546848
13650,29589.66334546848
39404,29589.66334546848
25439,29589.66334546848
13730,29589.66334546848
14735,29589.66334546848
15825,29589.66334546848
72802,29589.66334546848
46624,29589.66334546848
54182,29589.66334546848
26458,29589.66334546848
40519,29589.66334546848
46797,29589.66334546848
37285,29589.66334546848
27602,29589.66334546848
38414,29589.66334546848
28166,29589.66334546848
15956,29589.66334546848
28656,29589.66334546848
56342,29589.66334546848
14966,29589.66334546848
9333,29589.66334546848
6254,29589.66334546848
22169,29589.66334546848
16344,29589.66334546848
11190,29589.66334546848
13600,29589.66334546848
10583,29589.66334546848
6057,29589.66334546848
36282,29589.66334546848
16380,29589.66334546848
8830,29589.66334546848
12842,29589.66334546848
6232,29589.66334546848
4678,29589.66334546848
7100,29589.66334546848
23190,29589.66334546848
10707,29589.66334546848
20422,29589.66334546848
14517,29589.66334546848
21673,29589.66334546848
18265,29589.66334546848
28621,29589.66334546848
34092,29589.66334546848
27331,29589.66334546848
14760,29589.66334546848
46053,29589.66334546848
25175,29589.66334546848
22270,29589.66334546848
43831,29589.66334546848
39171,29589.66334546848
6153,29589.66334546848
16049,29589.66334546848
14286,29589.66334546848
27956,29589.66334546848
36372,29589.66334546848
32674,29589.66334546848
33439,29589.66334546848
31975,29589.66334546848
13027,29589.66334546848
11389,29589.66334546848
12035,29589.66334546848
39887,29589.66334546848
12555,29589.66334546848
35118,29589.66334546848
16579,29589.66334546848
26449,29589.66334546848
16708,29589.66334546848
12210,29589.66334546848
19274,29589.66334546848
19397,29589.66334546848
10481,29589.66334546848
7676,29589.66334546848
22404,29589.66334546848
23468,29589.66334546848
28763,29589.66334546848
9867,29589.66334546848
13420,29589.66334546848
13135,29589.66334546848
19982,29589.66334546848
15017,29589.66334546848
5725,29589.66334546848
11280,29589.66334546848
20181,29589.66334546848
25759,29589.66334546848
36593,29589.66334546848
15013,29589.66334546848
17770,29589.66334546848
16510,29589.66334546848
32515,29589.66334546848
23882,29589.66334546848
22654,29589.66334546848
23128,29589.66334546848
8547,29589.66334546848
10936,29589.66334546848
18090,29589.66334546848
28556,29589.66334546848
45373,29589.66334546848
30448,29589.66334546848
26760,29589.66334546848
38064,29589.66334546848
33003,29589.66334546848
21516,29589.66334546848
26063,29589.66334546848
21309,29589.66334546848
12221,29589.66334546848
51523,29589.66334546848
14977,29589.66334546848
17118,29589.66334546848
11506,29589.66334546848
8186,29589.66334546848
17812,29589.66334546848
24993,29589.66334546848
12410,29589.66334546848
9611,29589.66334546848
6637,29589.66334546848
14487,29589.66334546848
33577,29589.66334546848
8632,29589.66334546848
3010,29589.66334546848
10394,29589.66334546848
21353,29589.66334546848
9398,29589.66334546848
11481,29589.66334546848
19884,29589.66334546848
29058,29589.66334546848
7214,29589.66334546848
12336,29589.66334546848
11163,29589.66334546848
28989,29589.66334546848
13550,29589.66334546848
19788,29589.66334546848
20054,29589.66334546848
21480,29589.66334546848
11496,29589.66334546848
19752,29589.66334546848
17014,29589.66334546848
21147,29589.66334546848
7114,29589.66334546848
18633,29589.66334546848
8104,29589.66334546848
10375,29589.66334546848
15298,29589.66334546848
7018,29589.66334546848
25024,29589.66334546848
39373,29589.66334546848
21533,29589.66334546848
14067,29589.66334546848
13581,29589.66334546848
7261,29589.66334546848
12461,29589.66334546848
28422,29589.66334546848
4708,29589.66334546848
25398,29589.66334546848
28999,29589.66334546848
6435,29589.66334546848
14346,29589.66334546848
8422,29589.66334546848
15359,29589.66334546848
7425,29589.66334546848
8939,29589.66334546848
13630,29589.66334546848
9766,29589.66334546848
16814,29589.66334546848
7113,29589.66334546848
14414,29589.66334546848
31169,29589.66334546848
19038,29589.66334546848
24057,29589.66334546848
18144,29589.66334546848
18233,29589.66334546848
12869,29589.66334546848
8563,29589.66334546848
32193,29589.66334546848
20119,29589.66334546848
16878,29589.66334546848
33879,29589.66334546848
6479,29589.66334546848
6184,29589.66334546848
8429,29589.66334546848
26002,29589.66334546848
9722,29589.66334546848
31517,29589.66334546848
53037,29589.66334546848
48715,29589.66334546848
23166,29589.66334546848
23281,29589.66334546848
32273,29589.66334546848
38214,29589.66334546848
5879,29589.66334546848
24297,29589.66334546848
12068,29589.66334546848
8579,29589.66334546848
15032,29589.66334546848
21282,29589.66334546848
13177,29589.66334546848
10991,29589.66334546848
32754,29589.66334546848
28452,29589.66334546848
25086,29589.66334546848
13579,29589.66334546848
7401,29589.66334546848
7163,29589.66334546848
7011,29589.66334546848
16359,29589.66334546848
50454,29589.66334546848
14419,29589.66334546848
18747,29589.66334546848
14492,29589.66334546848
17185,29589.66334546848
12424,29589.66334546848
13988,29589.66334546848
7921,29589.66334546848
11311,29589.66334546848
34671,29589.66334546848
16072,29589.66334546848
16088,29589.66334546848
8814,29589.66334546848
5271,29589.66334546848
47726,29589.66334546848
11585,29589.66334546848
14402,29589.66334546848
23959,29589.66334546848
51981,29589.66334546848
11330,29589.66334546848
37843,29589.66334546848
20720,29589.66334546848
18170,29589.66334546848
27804,29589.66334546848
55222,29589.66334546848
31212,29589.66334546848
42999,29589.66334546848
25766,29589.66334546848
24038,29589.66334546848
25870,29589.66334546848
12314,29589.66334546848
31115,29589.66334546848
10165,29589.66334546848
19407,29589.66334546848
11917,29589.66334546848
31266,29589.66334546848
24451,29589.66334546848
52508,29589.66334546848
27739,29589.66334546848
24136,29589.66334546848
17386,29589.66334546848
36509,29589.66334546848
21546,29589.66334546848
11986,29589.66334546848
8945,29589.66334546848
14048,29589.66334546848
14531,29589.66334546848
24310,29589.66334546848
34691,29589.66334546848
42758,29589.66334546848
20732,29589.66334546848
37958,29589.66334546848
16806,29589.66334546848
5909,29589.66334546848
18118,29589.66334546848
28613,29589.66334546848
49679,29589.66334546848
38246,29589.66334546848
15076,29589.66334546848
12620,29589.66334546848
29922,29589.66334546848
26762,29589.66334546848
15138,29589.66334546848
33213,29589.66334546848
23621,29589.66334546848
16946,29589.66334546848
46575,29589.66334546848
25656,29589.66334546848
50154,29589.66334546848
40958,29589.66334546848
19480,29589.66334546848
24587,29589.66334546848
52555,29589.66334546848
34707,29589.66334546848
25732,29589.66334546848
37878,29589.66334546848
23234,29589.66334546848
17529,29589.66334546848
50193,29589.66334546848
15245,29589.66334546848
14561,29589.66334546848
29324,29589.66334546848
23691,29589.66334546848
28488,29589.66334546848
41048,29589.66334546848
25768,29589.66334546848
18978,29589.66334546848
37750,29589.66334546848
23224,29589.66334546848
28260,29589.66334546848
24033,29589.66334546848
29279,29589.66334546848
31362,29589.66334546848
15423,29589.66334546848
21588,29589.66334546848
19021,29589.66334546848
34440,29589.66334546848
24088,29589.66334546848
14188,29589.66334546848
31124,29589.66334546848
35482,29589.66334546848
26182,29589.66334546848
15333,29589.66334546848
39192,29589.66334546848
38815,29589.66334546848
27935,29589.66334546848
20273,29589.66334546848
17842,29589.66334546848
27060,29589.66334546848
19634,29589.66334546848
24031,29589.66334546848
25483,29589.66334546848
22981,29589.66334546848
60857,29589.66334546848
38548,29589.66334546848
14068,29589.66334546848
62409,29589.66334546848
22969,29589.66334546848
17898,29589.66334546848
7296,29589.66334546848
20663,29589.66334546848
32852,29589.66334546848
40327,29589.66334546848
50356,29589.66334546848
36949,29589.66334546848
40375,29589.66334546848
39858,29589.66334546848
30081,29589.66334546848
39370,29589.66334546848
46815,29589.66334546848
49533,29589.66334546848
20592,29589.66334546848
28537,29589.66334546848
22065,29589.66334546848
15210,29589.66334546848
31032,29589.66334546848
16593,29589.66334546848
31513,29589.66334546848
28401,29589.66334546848
33691,29589.66334546848
25809,29589.66334546848
15964,29589.66334546848
23325,29589.66334546848
10557,29589.66334546848
13101,29589.66334546848
48745,29589.66334546848
57191,29589.66334546848
27180,29589.66334546848
14335,29589.66334546848
27339,29589.66334546848
17861,29589.66334546848
47568,29589.66334546848
41320,29589.66334546848
28009,29589.66334546848
37190,29589.66334546848
15022,29589.66334546848
14601,29589.66334546848
40527,29589.66334546848
33281,29589.66334546848
65634,29589.66334546848
34399,29589.66334546848
40998,29589.66334546848
45610,29589.66334546848
51974,29589.66334546848
31037,29589.66334546848
36817,29589.66334546848
25641,29589.66334546848
20044,29589.66334546848
17449,29589.66334546848
59612,29589.66334546848
56586,29589.66334546848
20817,29589.66334546848
8531,29589.66334546848
17287,29589.66334546848
25975,29589.66334546848
18426,29589.66334546848
31444,29589.66334546848
9917,29589.66334546848
23739,29589.66334546848
18063,29589.66334546848
30761,29589.66334546848
34260,29589.66334546848
28263,29589.66334546848
22606,29589.66334546848
27929,29589.66334546848
16777,29589.66334546848
19499,29589.66334546848
9163,29589.66334546848
26742,29589.66334546848
16072,29589.66334546848
31881,29589.66334546848
41662,29589.66334546848
13348,29589.66334546848
28965,29589.66334546848
37217,29589.66334546848
22186,29589.66334546848
26544,29589.66334546848
5760,29589.66334546848
22503,29589.66334546848
30402,29589.66334546848
32797,29589.66334546848
51370,29589.66334546848
7831,29589.66334546848
26172,29589.66334546848
45459,29589.66334546848
11234,29589.66334546848
37567,29589.66334546848
32401,29589.66334546848
49353,29589.66334546848
20057,29589.66334546848
31767,29589.66334546848
38306,29589.66334546848
29627,29589.66334546848
43147,29589.66334546848
53493,29589.66334546848
59796,29589.66334546848
75959,29589.66334546848
48327,29589.66334546848
27795,29589.66334546848
47656,29589.66334546848
34553,29589.66334546848
25020,29589.66334546848
42032,29589.66334546848
32285,29589.66334546848
21109,29589.66334546848
28044,29589.66334546848
15466,29589.66334546848
20194,29589.66334546848
22869,29589.66334546848
37253,29589.66334546848
26595,29589.66334546848
37266,29589.66334546848
28304,29589.66334546848
14759,29589.66334546848
25557,29589.66334546848
23695,29589.66334546848
41193,29589.66334546848
56289,29589.66334546848
10614,29589.66334546848
20269,29589.66334546848
43491,29589.66334546848
50621,29589.66334546848
34485,29589.66334546848
45439,29589.66334546848
25684,29589.66334546848
25454,29589.66334546848
36575,29589.66334546848
28326,29589.66334546848
35525,29589.66334546848
14368,29589.66334546848
55276,29589.66334546848
74363,29589.66334546848
38176,29589.66334546848
34046,29589.66334546848
50764,29589.66334546848
24208,29589.66334546848
48220,29589.66334546848
38075,29589.66334546848
63218,29589.66334546848
52853,29589.66334546848
22215,29589.66334546848
24597,29589.66334546848
41570,29589.66334546848
61554,29589.66334546848
29966,29589.66334546848
36422,29589.66334546848
52322,29589.66334546848
32214,29589.66334546848
31080,29589.66334546848
26555,29589.66334546848
14929,29589.66334546848
31379,29589.66334546848
11596,29589.66334546848
11953,29589.66334546848
40060,29589.66334546848
16765,29589.66334546848
42600,29589.66334546848
29265,29589.66334546848
75069,29589.66334546848
19118,29589.66334546848
31760,29589.66334546848
26378,29589.66334546848
16087,29589.66334546848
25224,29589.66334546848
85319,29589.66334546848
18189,29589.66334546848
42700,29589.66334546848
63153,29589.66334546848
48590,29589.66334546848
58792,29589.66334546848
29706,29589.66334546848
35702,29589.66334546848
66333,29589.66334546848
21996,29589.66334546848
28549,29589.66334546848
42665,29589.66334546848
44386,29589.66334546848
36043,29589.66334546848
16079,29589.66334546848
36333,29589.66334546848
33177,29589.66334546848
35877,29589.66334546848
29389,29589.66334546848
41929,29589.66334546848
30405,29589.66334546848
44098,29589.66334546848
52665,29589.66334546848
42831,29589.66334546848
38383,29589.66334546848
42538,29589.66334546848
37880,29589.66334546848
34847,29589.66334546848
31205,29589.66334546848
17898,29589.66334546848
42922,29589.66334546848
37878,29589.66334546848
37975,29589.66334546848
64056,29589.66334546848
25190,29589.66334546848
27076,29589.66334546848
26021,29589.66334546848
18825,29589.66334546848
13350,29589.66334546848
18916,29589.66334546848
31956,29589.66334546848
52396,29589.66334546848
22880,29589.66334546848
64108,29589.66334546848
30153,29589.66334546848
11045,29589.66334546848
14764,29589.66334546848
28875,29589.66334546848
59074,29589.66334546848
30384,29589.66334546848
37939,29589.66334546848
37664,29589.66334546848
45521,29589.66334546848
57820,29589.66334546848
19144,29589.66334546848
37991,29589.66334546848
64514,29589.66334546848
77063,29589.66334546848
57498,29589.66334546848
43295,29589.66334546848
44914,29589.66334546848
29693,29589.66334546848
44419,29589.66334546848
100678,29589.66334546848
44934,29589.66334546848
37688,29589.66334546848
43227,29589.66334546848
62088,29589.66334546848
26469,29589.66334546848
26925,29589.66334546848
16418,29589.66334546848
11390,29589.66334546848
34350,29589.66334546848
38338,29589.66334546848
36944,29589.66334546848
55918,29589.66334546848
24671,29589.66334546848
47135,29589.66334546848
32606,29589.66334546848
44522,29589.66334546848
10742,29589.66334546848
42811,29589.66334546848
16447,29589.66334546848
33649,29589.66334546848
42216,29589.66334546848
51169,29589.66334546848
15692,29589.66334546848
44287,29589.66334546848
37639,29589.66334546848
31232,29589.66334546848
54493,29589.66334546848
81051,29589.66334546848
35283,29589.66334546848
36880,29589.66334546848
22264,29589.66334546848
30698,29589.66334546848
54928,29589.66334546848
91946,29589.66334546848
40141,29589.66334546848
47952,29589.66334546848
64035,29589.66334546848
15787,29589.66334546848
17945,29589.66334546848
51558,29589.66334546848
54942,29589.66334546848
30228,29589.66334546848
22051,29589.66334546848
51608,29589.66334546848
32341,29589.66334546848
52517,29589.66334546848
44106,29589.66334546848
53566,29589.66334546848
40499,29589.66334546848
42805,29589.66334546848
27609,29589.66334546848
19503,29589.66334546848
30183,29589.66334546848
55112,29589.66334546848
19786,29589.66334546848
45658,29589.66334546848
17998,29589.66334546848
41062,29589.66334546848
68189,29589.66334546848
37424,29589.66334546848
31933,29589.66334546848
18236,29589.66334546848
15790,29589.66334546848
20643,29589.66334546848
40219,29589.66334546848
58192,29589.66334546848
55462,29589.66334546848
32290,29589.66334546848
37387,29589.66334546848
94255,29589.66334546848
61710,29589.66334546848
74875,29589.66334546848
71793,29589.66334546848
27656,29589.66334546848
53843,29589.66334546848
21504,29589.66334546848
28306,29589.66334546848
55400,29589.66334546848
116770,29589.66334546848
52981,29589.66334546848
90751,29589.66334546848
35034,29589.66334546848
57048,29589.66334546848
50766,29589.66334546848
74844,29589.66334546848
23835,29589.66334546848
41822,29589.66334546848
56253,29589.66334546848
26784,29589.66334546848
40020,29589.66334546848
24069,29589.66334546848
23725,29589.66334546848
43310,29589.66334546848
51715,29589.66334546848
40451,29589.66334546848
43485,29589.66334546848
20839,29589.66334546848
15969,29589.66334546848
16399,29589.66334546848
18021,29589.66334546848
16721,29589.66334546848
24068,29589.66334546848
13485,29589.66334546848
35671,29589.66334546848
15887,29589.66334546848
34742,29589.66334546848
15111,29589.66334546848
17547,29589.66334546848
27942,29589.66334546848
13816,29589.66334546848
11850,29589.66334546848
17696,29589.66334546848
31961,29589.66334546848
51612,29589.66334546848
43683,29589.66334546848
15175,29589.66334546848
26086,29589.66334546848
16189,29589.66334546848
37527,29589.66334546848
47438,29589.66334546848
72353,29589.66334546848
49407,29589.66334546848
18161,29589.66334546848
88528,29589.66334546848
50465,29589.66334546848
30283,29589.66334546848
27754,29589.66334546848
17218,29589.66334546848
19407,29589.66334546848
33111,29589.66334546848
38390,29589.66334546848
28316,29589.66334546848
60026,29589.66334546848
46604,29589.66334546848
51019,29589.66334546848
34258,29589.66334546848
50996,29589.66334546848
31011,29589.66334546848
47088,29589.66334546848
20504,29589.66334546848
35217,29589.66334546848
32476,29589.66334546848
64079,29589.66334546848
54978,29589.66334546848
39127,29589.66334546848
41106,29589.66334546848
28081,29589.66334546848
24088,29589.66334546848
19795,29589.66334546848
21913,29589.66334546848
9788,29589.66334546848
68018,29589.66334546848
36220,29589.66334546848
26844,29589.66334546848
23845,29589.66334546848
38350,29589.66334546848
23189,29589.66334546848
46179,29589.66334546848
39458,29589.66334546848
41183,29589.66334546848
24831,29589.66334546848
19696,29589.66334546848
18782,29589.66334546848
64744,29589.66334546848
53023,29589.66334546848
113486,29589.66334546848
46357,29589.66334546848
33411,29589.66334546848
62411,29589.66334546848
73091,29589.66334546848
64283,29589.66334546848
43470,29589.66334546848
66413,29589.66334546848
48111,29589.66334546848
15652,29589.66334546848
50758,29589.66334546848
23256,29589.66334546848
17788,29589.66334546848
22074,29589.66334546848
19216,29589.66334546848
12760,29589.66334546848
15083,29589.66334546848
24668,29589.66334546848
12052,29589.66334546848
27549,29589.66334546848
19822,29589.66334546848
38859,29589.66334546848
10325,29589.66334546848
20205,29589.66334546848
7596,29589.66334546848
14093,29589.66334546848
36002,29589.66334546848
18976,29589.66334546848
69082,29589.66334546848
48353,29589.66334546848
23260,29589.66334546848
34794,29589.66334546848
40345,29589.66334546848
25574,29589.66334546848
14765,29589.66334546848
20178,29589.66334546848
33889,29589.66334546848
26896,29589.66334546848
7171,29589.66334546848
17099,29589.66334546848
23577,29589.66334546848
26620,29589.66334546848
34937,29589.66334546848
17269,29589.66334546848
37863,29589.66334546848
18752,29589.66334546848
39232,29589.66334546848
12270,29589.66334546848
24371,29589.66334546848
47482,29589.66334546848
19670,29589.66334546848
27845,29589.66334546848
19831,29589.66334546848
66638,29589.66334546848
42236,29589.66334546848
11777,29589.66334546848
21690,29589.66334546848
32477,29589.66334546848
21444,29589.66334546848
36267,29589.66334546848
23196,29589.66334546848
14901,29589.66334546848
9441,29589.66334546848
19888,29589.66334546848
20868,29589.66334546848
39349,29589.66334546848
21654,29589.66334546848
42900,29589.66334546848
46982,29589.66334546848
27436,29589.66334546848
43318,29589.66334546848
26451,29589.66334546848
17491,29589.66334546848
23405,29589.66334546848
27898,29589.66334546848
24822,29589.66334546848
70754,29589.66334546848
10244,29589.66334546848
34565,29589.66334546848
40524,29589.66334546848
46996,29589.66334546848
34046,29589.66334546848
20712,29589.66334546848
24654,29589.66334546848
54155,29589.66334546848
33307,29589.66334546848
87738,29589.66334546848
36552,29589.66334546848
45100,29589.66334546848
37588,29589.66334546848
68442,29589.66334546848
36296,29589.66334546848
58191,29589.66334546848
25164,29589.66334546848
19589,29589.66334546848
25166,29589.66334546848
39722,29589.66334546848
28915,29589.66334546848
44023,29589.66334546848
20883,29589.66334546848
35930,29589.66334546848
16207,29589.66334546848
9210,29589.66334546848
13417,29589.66334546848
11057,29589.66334546848
19511,29589.66334546848
19030,29589.66334546848
21433,29589.66334546848
21955,29589.66334546848
24631,29589.66334546848
12605,29589.66334546848
9137,29589.66334546848
12176,29589.66334546848
10197,29589.66334546848
7860,29589.66334546848
22572,29589.66334546848
22591,29589.66334546848
17022,29589.66334546848
38553,29589.66334546848
51462,29589.66334546848
32239,29589.66334546848
23988,29589.66334546848
35149,29589.66334546848
12751,29589.66334546848
8507,29589.66334546848
34209,29589.66334546848
31234,29589.66334546848
14238,29589.66334546848
9753,29589.66334546848
17381,29589.66334546848
18917,29589.66334546848
5848,29589.66334546848
43283,29589.66334546848
18523,29589.66334546848
48793,29589.66334546848
15493,29589.66334546848
52714,29589.66334546848
20200,29589.66334546848
13364,29589.66334546848
13933,29589.66334546848
17682,29589.66334546848
45631,29589.66334546848
30491,29589.66334546848
29237,29589.66334546848
38149,29589.66334546848
24566,29589.66334546848
18827,29589.66334546848
20957,29589.66334546848
10402,29589.66334546848
14033,29589.66334546848
16766,29589.66334546848
47591,29589.66334546848
22871,29589.66334546848
20915,29589.66334546848
27028,29589.66334546848
20024,29589.66334546848
21540,29589.66334546848
17251,29589.66334546848
27577,29589.66334546848
18855,29589.66334546848
8857,29589.66334546848
19863,29589.66334546848
42442,29589.66334546848
29834,29589.66334546848
15416,29589.66334546848
30222,29589.66334546848
46598,29589.66334546848
30067,29589.66334546848
14979,29589.66334546848
16663,29589.66334546848
31584,29589.66334546848
19313,29589.66334546848
56743,29589.66334546848
33694,29589.66334546848
38177,29589.66334546848
47412,29589.66334546848
47205,29589.66334546848
14314,29589.66334546848
26308,29589.66334546848
43225,29589.66334546848
36181,29589.66334546848
31055,29589.66334546848
19202,29589.66334546848
20361,29589.66334546848
29669,29589.66334546848
15539,29589.66334546848
10443,29589.66334546848
11652,29589.66334546848
11276,29589.66334546848
7961,29589.66334546848
26709,29589.66334546848
15490,29589.66334546848
7844,29589.66334546848
16185,29589.66334546848
11251,29589.66334546848
12256,29589.66334546848
31487,29589.66334546848
16547,29589.66334546848
11764,29589.66334546848
24165,29589.66334546848
11641,29589.66334546848
23071,29589.66334546848
18716,29589.66334546848
9576,29589.66334546848
15525,29589.66334546848
19886,29589.66334546848
22075,29589.66334546848
29270,29589.66334546848
18741,29589.66334546848
31582,29589.66334546848
12489,29589.66334546848
12356,29589.66334546848
16198,29589.66334546848
44054,29589.66334546848
35050,29589.66334546848
15275,29589.66334546848
24415,29589.66334546848
32243,29589.66334546848
22734,29589.66334546848
35606,29589.66334546848
40164,29589.66334546848
11432,29589.66334546848
62431,29589.66334546848
10276,29589.66334546848
35457,29589.66334546848
18862,29589.66334546848
12439,29589.66334546848
12118,29589.66334546848
11628,29589.66334546848
13140,29589.66334546848
7278,29589.66334546848
26113,29589.66334546848
34920,29589.66334546848
36234,29589.66334546848
15680,29589.66334546848
26541,29589.66334546848
18250,29589.66334546848
27397,29589.66334546848
14986,29589.66334546848
13615,29589.66334546848
29953,29589.66334546848
19973,29589.66334546848
32668,29589.66334546848
37256,29589.66334546848
14528,29589.66334546848
23046,29589.66334546848
33431,29589.66334546848
23821,29589.66334546848
12491,29589.66334546848
33570,29589.66334546848
8890,29589.66334546848
17402,29589.66334546848
43833,29589.66334546848
24018,29589.66334546848
16783,29589.66334546848
21187,29589.66334546848
20594,29589.66334546848
11909,29589.66334546848
35577,29589.66334546848
12212,29589.66334546848
24323,29589.66334546848
21339,29589.66334546848
23907,29589.66334546848
30549,29589.66334546848
23745,29589.66334546848
30372,29589.66334546848
29536,29589.66334546848
28253,29589.66334546848
39964,29589.66334546848
25715,29589.66334546848
30925,29589.66334546848
33731,29589.66334546848
25286,29589.66334546848
13315,29589.66334546848
20779,29589.66334546848
5259,29589.66334546848
15698,29589.66334546848
15106,29589.66334546848
12376,29589.66334546848
14523,29589.66334546848
29760,29589.66334546848
11377,29589.66334546848
38691,29589.66334546848
32326,29589.66334546848
16664,29589.66334546848
26841,29589.66334546848
23271,29589.66334546848
53236,29589.66334546848
22212,29589.66334546848
31877,29589.66334546848
8773,29589.66334546848
20517,29589.66334546848
8832,29589.66334546848
33818,29589.66334546848
13016,29589.66334546848
21932,29589.66334546848
5599,29589.66334546848
20543,29589.66334546848
30413,29589.66334546848
27115,29589.66334546848
47708,29589.66334546848
46971,29589.66334546848
33201,29589.66334546848
42633,29589.66334546848
46047,29589.66334546848
11379,29589.66334546848
7675,29589.66334546848
16442,29589.66334546848
23724,29589.66334546848
28151,29589.66334546848
28441,29589.66334546848
43915,29589.66334546848
28852,29589.66334546848
20795,29589.66334546848
24076,29589.66334546848
24921,29589.66334546848
47998,29589.66334546848
9772,29589.66334546848
29720,29589.66334546848
7092,29589.66334546848
26664,29589.66334546848
40514,29589.66334546848
35852,29589.66334546848
21755,29589.66334546848
28717,29589.66334546848
24881,29589.66334546848
24733,29589.66334546848
18587,29589.66334546848
14022,29589.66334546848
19384,29589.66334546848
22911,29589.66334546848
30410,29589.66334546848
21273,29589.66334546848
24144,29589.66334546848
29411,29589.66334546848
12397,29589.66334546848
22083,29589.66334546848
24049,29589.66334546848
14506,29589.66334546848
18313,29589.66334546848
47261,29589.66334546848
17125,29589.66334546848
22712,29589.66334546848
27710,29589.66334546848
12563,29589.66334546848
49203,29589.66334546848
60310,29589.66334546848
64951,29589.66334546848
32889,29589.66334546848
19006,29589.66334546848
20720,29589.66334546848
16441,29589.66334546848
44176,29589.66334546848
22095,29589.66334546848
23684,29589.66334546848
34649,29589.66334546848
16258,29589.66334546848
28849,29589.66334546848
57806,29589.66334546848
57093,29589.66334546848
40490,29589.66334546848
37562,29589.66334546848
74358,29589.66334546848
48853,29589.66334546848
14234,29589.66334546848
21205,29589.66334546848
21838,29589.66334546848
28199,29589.66334546848
18661,29589.66334546848
16424,29589.66334546848
4523,29589.66334546848
15248,29589.66334546848
13777,29589.66334546848
6437,29589.66334546848
26427,29589.66334546848
16748,29589.66334546848
22132,29589.66334546848
15800,29589.66334546848
13734,29589.66334546848
15650,29589.66334546848
10416,29589.66334546848
11117,29589.66334546848
21198,29589.66334546848
15035,29589.66334546848
7727,29589.66334546848
25006,29589.66334546848
42408,29589.66334546848
32637,29589.66334546848
11367,29589.66334546848
26269,29589.66334546848
12894,29589.66334546848
11145,29589.66334546848
34390,29589.66334546848
15760,29589.66334546848
20953,29589.66334546848
19080,29589.66334546848
7869,29589.66334546848
8253,29589.66334546848
54774,29589.66334546848
54806,29589.66334546848
10370,29589.66334546848
15211,29589.66334546848
14997,29589.66334546848
24057,29589.66334546848
20630,29589.66334546848
12489,29589.66334546848
23138,29589.66334546848
30759,29589.66334546848
26048,29589.66334546848
10485,29589.66334546848
18709,29589.66334546848
12259,29589.66334546848
22598,29589.66334546848
26491,29589.66334546848
13263,29589.66334546848
33242,29589.66334546848
19700,29589.66334546848
10458,29589.66334546848
15290,29589.66334546848
20273,29589.66334546848
8752,29589.66334546848
15363,29589.66334546848
38107,29589.66334546848
21295,29589.66334546848
24297,29589.66334546848
22923,29589.66334546848
41892,29589.66334546848
26640,29589.66334546848
12490,29589.66334546848
7056,29589.66334546848
17447,29589.66334546848
14706,29589.66334546848
24819,29589.66334546848
27418,29589.66334546848
16860,29589.66334546848
30308,29589.66334546848
37043,29589.66334546848
36458,29589.66334546848
20658,29589.66334546848
35170,29589.66334546848
20409,29589.66334546848
31341,29589.66334546848
17136,29589.66334546848
23352,29589.66334546848
16738,29589.66334546848
22759,29589.66334546848
22806,29589.66334546848
29078,29589.66334546848
28751,29589.66334546848
21686,29589.66334546848
25790,29589.66334546848
55336,29589.66334546848
29997,29589.66334546848
61111,29589.66334546848
5617,29589.66334546848
9444,29589.66334546848
12178,29589.66334546848
5599,29589.66334546848
9088,29589.66334546848
34367,29589.66334546848
8994,29589.66334546848
16340,29589.66334546848
9709,29589.66334546848
7152,29589.66334546848
14459,29589.66334546848
16897,29589.66334546848
6679,29589.66334546848
7644,29589.66334546848
3523,29589.66334546848
6604,29589.66334546848
20910,29589.66334546848
20097,29589.66334546848
19643,29589.66334546848
8772,29589.66334546848
14355,29589.66334546848
35074,29589.66334546848
20309,29589.66334546848
21360,29589.66334546848
9369,29589.66334546848
3744,29589.66334546848
19252,29589.66334546848
19757,29589.66334546848
6760,29589.66334546848
8434,29589.66334546848
54780,29589.66334546848
11704,29589.66334546848
16378,29589.66334546848
31794,29589.66334546848
11190,29589.66334546848
10341,29589.66334546848
26308,29589.66334546848
9067,29589.66334546848
7773,29589.66334546848
19578,29589.66334546848
7988,29589.66334546848
8911,29589.66334546848
12471,29589.66334546848
15337,29589.66334546848
13180,29589.66334546848
29933,29589.66334546848
27470,29589.66334546848
8277,29589.66334546848
16169,29589.66334546848
9104,29589.66334546848
16544,29589.66334546848
13890,29589.66334546848
13666,29589.66334546848
13116,29589.66334546848
12461,29589.66334546848
13607,29589.66334546848
21542,29589.66334546848
16476,29589.66334546848
13285,29589.66334546848
21462,29589.66334546848
10837,29589.66334546848
5047,29589.66334546848
16657,29589.66334546848
5357,29589.66334546848
11648,29589.66334546848
7963,29589.66334546848
12472,29589.66334546848
24629,29589.66334546848
32007,29589.66334546848
19952,29589.66334546848
12602,29589.66334546848
12190,29589.66334546848
4198,29589.66334546848
13110,29589.66334546848
25121,29589.66334546848
21053,29589.66334546848
57216,29589.66334546848
32190,29589.66334546848
17758,29589.66334546848
30393,29589.66334546848
17038,29589.66334546848
25858,29589.66334546848
29673,29589.66334546848
21198,29589.66334546848
15078,29589.66334546848
9202,29589.66334546848
33124,29589.66334546848
25416,29589.66334546848
21586,29589.66334546848
28454,29589.66334546848
15880,29589.66334546848
13335,29589.66334546848
10924,29589.66334546848
36115,29589.66334546848
13245,29589.66334546848
38439,29589.66334546848
9728,29589.66334546848
13966,29589.66334546848
22443,29589.66334546848
4435,29589.66334546848
36987,29589.66334546848
14078,29589.66334546848
15078,29589.66334546848
27838,29589.66334546848
24671,29589.66334546848
13433,29589.66334546848
19633,29589.66334546848
17501,29589.66334546848
24704,29589.66334546848
15650,29589.66334546848
14196,29589.66334546848
13367,29589.66334546848
32436,29589.66334546848
12195,29589.66334546848
21383,29589.66334546848
42647,29589.66334546848
40016,29589.66334546848
16054,29589.66334546848
15651,29589.66334546848
20593,29589.66334546848
17948,29589.66334546848
36106,29589.66334546848
19807,29589.66334546848
21359,29589.66334546848
67303,29589.66334546848
13075,29589.66334546848
35945,29589.66334546848
68041,29589.66334546848
49788,29589.66334546848
19683,29589.66334546848
20211,29589.66334546848
13346,29589.66334546848
11153,29589.66334546848
34715,29589.66334546848
18659,29589.66334546848
12633,29589.66334546848
22249,29589.66334546848
29829,29589.66334546848
36411,29589.66334546848
26724,29589.66334546848
49476,29589.66334546848
25113,29589.66334546848
23878,29589.66334546848
14040,29589.66334546848
13624,29589.66334546848
19525,29589.66334546848
25809,29589.66334546848
13336,29589.66334546848
9894,29589.66334546848
33720,29589.66334546848
29307,29589.66334546848
37182,29589.66334546848
23681,29589.66334546848
31409,29589.66334546848
24670,29589.66334546848
15286,29589.66334546848
33428,29589.66334546848
20038,29589.66334546848
12403,29589.66334546848
23895,29589.66334546848
20550,29589.66334546848
36412,29589.66334546848
40531,29589.66334546848
21669,29589.66334546848
69034,29589.66334546848
34260,29589.66334546848
13216,29589.66334546848
15149,29589.66334546848
23909,29589.66334546848
26830,29589.66334546848
21518,29589.66334546848
31485,29589.66334546848
73217,29589.66334546848
31625,29589.66334546848
64864,29589.66334546848
44979,29589.66334546848
46717,29589.66334546848
27186,29589.66334546848
51500,29589.66334546848
33881,29589.66334546848
17888,29589.66334546848
13815,29589.66334546848
21058,29589.66334546848
18221,29589.66334546848
11618,29589.66334546848
19858,29589.66334546848
39456,29589.66334546848
11189,29589.66334546848
33303,29589.66334546848
25289,29589.66334546848
42382,29589.66334546848
31514,29589.66334546848
9379,29589.66334546848
27629,29589.66334546848
14974,29589.66334546848
14065,29589.66334546848
55957,29589.66334546848
20847,29589.66334546848
15979,29589.66334546848
13266,29589.66334546848
17749,29589.66334546848
23796,29589.66334546848
32708,29589.66334546848
32188,29589.66334546848
46232,29589.66334546848
74767,29589.66334546848
17104,29589.66334546848
14524,29589.66334546848
69350,29589.66334546848
14422,29589.66334546848
25076,29589.66334546848
23462,29589.66334546848
24815,29589.66334546848
81658,29589.66334546848
14770,29589.66334546848
35323,29589.66334546848
23446,29589.66334546848
24846,29589.66334546848
25542,29589.66334546848
20914,29589.66334546848
52280,29589.66334546848
23664,29589.66334546848
18821,29589.66334546848
27061,29589.66334546848
37549,29589.66334546848
27801,29589.66334546848
34068,29589.66334546848
35869,29589.66334546848
27703,29589.66334546848
34729,29589.66334546848
48774,29589.66334546848
22311,29589.66334546848
15989,29589.66334546848
18783,29589.66334546848
10448,29589.66334546848
13130,29589.66334546848
26804,29589.66334546848
31574,29589.66334546848
29098,29589.66334546848
54636,29589.66334546848
35417,29589.66334546848
15438,29589.66334546848
29932,29589.66334546848
17476,29589.66334546848
15720,29589.66334546848
35111,29589.66334546848
30732,29589.66334546848
50367,29589.66334546848
34972,29589.66334546848
34152,29589.66334546848
39904,29589.66334546848
