customer_id,product_id,week_t,week_t_plus_1,proba_compra_t1,pred_binaria,rank_semana
123150,16358,2024-01-01,2024-01-08,0.8402012,1,1.0
123150,36720,2024-01-01,2024-01-08,0.8195385,1,2.0
123150,42132,2024-01-01,2024-01-08,0.8195385,1,2.0
123150,44660,2024-01-01,2024-01-08,0.8195385,1,2.0
123150,63220,2024-01-01,2024-01-08,0.8195385,1,2.0
123150,34092,2024-01-08,2024-01-15,0.8402012,1,1.0
123150,37644,2024-01-08,2024-01-15,0.8195385,1,2.0
123150,44302,2024-01-08,2024-01-15,0.8195385,1,2.0
123150,48694,2024-01-08,2024-01-15,0.8195385,1,2.0
123150,63188,2024-01-08,2024-01-15,0.8195385,1,2.0
123150,1372,2024-01-15,2024-01-22,0.8402012,1,1.0
123150,39186,2024-01-15,2024-01-22,0.8195385,1,2.0
123150,44644,2024-01-15,2024-01-22,0.8195385,1,2.0
123150,48980,2024-01-15,2024-01-22,0.8195385,1,2.0
123150,61280,2024-01-15,2024-01-22,0.8195385,1,2.0
123150,1372,2024-01-22,2024-01-29,0.8402012,1,1.0
123150,39186,2024-01-22,2024-01-29,0.8195385,1,2.0
123150,44644,2024-01-22,2024-01-29,0.8195385,1,2.0
123150,48980,2024-01-22,2024-01-29,0.8195385,1,2.0
123150,61280,2024-01-22,2024-01-29,0.8195385,1,2.0
123150,1372,2024-01-29,2024-02-05,0.8402012,1,1.0
123150,39186,2024-01-29,2024-02-05,0.8195385,1,2.0
123150,44644,2024-01-29,2024-02-05,0.8195385,1,2.0
123150,48980,2024-01-29,2024-02-05,0.8195385,1,2.0
123150,61280,2024-01-29,2024-02-05,0.8195385,1,2.0
123150,1372,2024-02-05,2024-02-12,0.8402012,1,1.0
123150,39186,2024-02-05,2024-02-12,0.8195385,1,2.0
123150,44644,2024-02-05,2024-02-12,0.8195385,1,2.0
123150,48980,2024-02-05,2024-02-12,0.8195385,1,2.0
123150,61280,2024-02-05,2024-02-12,0.8195385,1,2.0
123150,1372,2024-02-12,2024-02-19,0.8402012,1,1.0
123150,39186,2024-02-12,2024-02-19,0.8195385,1,2.0
123150,44644,2024-02-12,2024-02-19,0.8195385,1,2.0
123150,48980,2024-02-12,2024-02-19,0.8195385,1,2.0
123150,61280,2024-02-12,2024-02-19,0.8195385,1,2.0
123150,1372,2024-02-19,2024-02-26,0.8402012,1,1.0
123150,39186,2024-02-19,2024-02-26,0.8195385,1,2.0
123150,44644,2024-02-19,2024-02-26,0.8195385,1,2.0
123150,48980,2024-02-19,2024-02-26,0.8195385,1,2.0
123150,61280,2024-02-19,2024-02-26,0.8195385,1,2.0
123150,1370,2024-02-26,2024-03-04,0.8402012,1,1.0
123150,36720,2024-02-26,2024-03-04,0.8195385,1,2.0
123150,44302,2024-02-26,2024-03-04,0.8195385,1,2.0
123150,44662,2024-02-26,2024-03-04,0.8195385,1,2.0
123150,60978,2024-02-26,2024-03-04,0.8195385,1,2.0
128334,62378,2024-01-01,2024-01-08,0.8552544,1,1.0
128334,62616,2024-01-01,2024-01-08,0.8552544,1,1.0
128334,63418,2024-01-01,2024-01-08,0.8552544,1,1.0
128334,36722,2024-01-01,2024-01-08,0.8195385,1,2.0
128334,44660,2024-01-01,2024-01-08,0.8195385,1,2.0
128334,62400,2024-01-08,2024-01-15,0.8552544,1,1.0
128334,63220,2024-01-08,2024-01-15,0.8552544,1,1.0
128334,63538,2024-01-08,2024-01-15,0.8552544,1,1.0
128334,35846,2024-01-08,2024-01-15,0.8195385,1,2.0
128334,44302,2024-01-08,2024-01-15,0.8195385,1,2.0
128334,62376,2024-01-15,2024-01-22,0.8552544,1,1.0
128334,62614,2024-01-15,2024-01-22,0.8552544,1,1.0
128334,63360,2024-01-15,2024-01-22,0.8552544,1,1.0
128334,36720,2024-01-15,2024-01-22,0.8195385,1,2.0
128334,44644,2024-01-15,2024-01-22,0.8195385,1,2.0
128334,62376,2024-01-22,2024-01-29,0.8552544,1,1.0
128334,62614,2024-01-22,2024-01-29,0.8552544,1,1.0
128334,63360,2024-01-22,2024-01-29,0.8552544,1,1.0
128334,36720,2024-01-22,2024-01-29,0.8195385,1,2.0
128334,44644,2024-01-22,2024-01-29,0.8195385,1,2.0
128334,62376,2024-01-29,2024-02-05,0.8552544,1,1.0
128334,62614,2024-01-29,2024-02-05,0.8552544,1,1.0
128334,63360,2024-01-29,2024-02-05,0.8552544,1,1.0
128334,36720,2024-01-29,2024-02-05,0.8195385,1,2.0
128334,44644,2024-01-29,2024-02-05,0.8195385,1,2.0
128334,62376,2024-02-05,2024-02-12,0.8552544,1,1.0
128334,62614,2024-02-05,2024-02-12,0.8552544,1,1.0
128334,63360,2024-02-05,2024-02-12,0.8552544,1,1.0
128334,36720,2024-02-05,2024-02-12,0.8195385,1,2.0
128334,44644,2024-02-05,2024-02-12,0.8195385,1,2.0
128334,62376,2024-02-12,2024-02-19,0.8552544,1,1.0
128334,62614,2024-02-12,2024-02-19,0.8552544,1,1.0
128334,63360,2024-02-12,2024-02-19,0.8552544,1,1.0
128334,36720,2024-02-12,2024-02-19,0.8195385,1,2.0
128334,44644,2024-02-12,2024-02-19,0.8195385,1,2.0
128334,62376,2024-02-19,2024-02-26,0.8552544,1,1.0
128334,62614,2024-02-19,2024-02-26,0.8552544,1,1.0
128334,63360,2024-02-19,2024-02-26,0.8552544,1,1.0
128334,36720,2024-02-19,2024-02-26,0.8195385,1,2.0
128334,44644,2024-02-19,2024-02-26,0.8195385,1,2.0
128334,62400,2024-02-26,2024-03-04,0.8552544,1,1.0
128334,62618,2024-02-26,2024-03-04,0.8552544,1,1.0
128334,63508,2024-02-26,2024-03-04,0.8552544,1,1.0
128334,36762,2024-02-26,2024-03-04,0.8195385,1,2.0
128334,50272,2024-02-26,2024-03-04,0.74165845,0,3.0
128469,35732,2024-01-01,2024-01-08,0.91421807,1,1.0
128469,61364,2024-01-01,2024-01-08,0.91421807,1,1.0
128469,63418,2024-01-01,2024-01-08,0.86490864,1,2.0
128469,1372,2024-01-01,2024-01-08,0.8552544,1,3.0
128469,34092,2024-01-01,2024-01-08,0.8552544,1,3.0
128469,33886,2024-01-08,2024-01-15,0.91421807,1,1.0
128469,62860,2024-01-08,2024-01-15,0.91421807,1,1.0
128469,63220,2024-01-08,2024-01-15,0.86490864,1,2.0
128469,1304,2024-01-08,2024-01-15,0.8552544,1,3.0
128469,3382,2024-01-08,2024-01-15,0.8552544,1,3.0
128469,34092,2024-01-15,2024-01-22,0.91421807,1,1.0
128469,62944,2024-01-15,2024-01-22,0.91421807,1,1.0
128469,63360,2024-01-15,2024-01-22,0.86490864,1,2.0
128469,1370,2024-01-15,2024-01-22,0.8552544,1,3.0
128469,33886,2024-01-15,2024-01-22,0.8552544,1,3.0
128469,34092,2024-01-22,2024-01-29,0.91421807,1,1.0
128469,62944,2024-01-22,2024-01-29,0.91421807,1,1.0
128469,63360,2024-01-22,2024-01-29,0.86490864,1,2.0
128469,1370,2024-01-22,2024-01-29,0.8552544,1,3.0
128469,33886,2024-01-22,2024-01-29,0.8552544,1,3.0
128469,34092,2024-01-29,2024-02-05,0.91421807,1,1.0
128469,62944,2024-01-29,2024-02-05,0.91421807,1,1.0
128469,63360,2024-01-29,2024-02-05,0.86490864,1,2.0
128469,1370,2024-01-29,2024-02-05,0.8552544,1,3.0
128469,33886,2024-01-29,2024-02-05,0.8552544,1,3.0
128469,34092,2024-02-05,2024-02-12,0.91421807,1,1.0
128469,62944,2024-02-05,2024-02-12,0.91421807,1,1.0
128469,63360,2024-02-05,2024-02-12,0.86490864,1,2.0
128469,1370,2024-02-05,2024-02-12,0.8552544,1,3.0
128469,33886,2024-02-05,2024-02-12,0.8552544,1,3.0
128469,34092,2024-02-12,2024-02-19,0.91421807,1,1.0
128469,62944,2024-02-12,2024-02-19,0.91421807,1,1.0
128469,63360,2024-02-12,2024-02-19,0.86490864,1,2.0
128469,1370,2024-02-12,2024-02-19,0.8552544,1,3.0
128469,33886,2024-02-12,2024-02-19,0.8552544,1,3.0
128469,34092,2024-02-19,2024-02-26,0.91421807,1,1.0
128469,62944,2024-02-19,2024-02-26,0.91421807,1,1.0
128469,63360,2024-02-19,2024-02-26,0.86490864,1,2.0
128469,1370,2024-02-19,2024-02-26,0.8552544,1,3.0
128469,33886,2024-02-19,2024-02-26,0.8552544,1,3.0
128469,35846,2024-02-26,2024-03-04,0.91421807,1,1.0
128469,61348,2024-02-26,2024-03-04,0.91421807,1,1.0
128469,63508,2024-02-26,2024-03-04,0.86490864,1,2.0
128469,10790,2024-02-26,2024-03-04,0.8552544,1,3.0
128469,16358,2024-02-26,2024-03-04,0.8552544,1,3.0
128502,10652,2024-01-01,2024-01-08,0.82587963,1,1.0
128502,10790,2024-01-01,2024-01-08,0.82587963,1,1.0
128502,11262,2024-01-01,2024-01-08,0.61483294,0,2.0
128502,48694,2024-01-01,2024-01-08,0.61483294,0,2.0
128502,1370,2024-01-01,2024-01-08,0.5143149,0,3.0
128502,10790,2024-01-08,2024-01-15,0.61483294,0,1.0
128502,53048,2024-01-08,2024-01-15,0.61483294,0,1.0
128502,62400,2024-01-08,2024-01-15,0.5261511,0,2.0
128502,124,2024-01-08,2024-01-15,0.5143149,0,3.0
128502,1372,2024-01-08,2024-01-15,0.5143149,0,3.0
128502,10652,2024-01-15,2024-01-22,0.82587963,1,1.0
128502,10808,2024-01-15,2024-01-22,0.61483294,0,2.0
128502,52918,2024-01-15,2024-01-22,0.61483294,0,2.0
128502,1304,2024-01-15,2024-01-22,0.5143149,0,3.0
128502,30500,2024-01-15,2024-01-22,0.5143149,0,3.0
128502,10652,2024-01-22,2024-01-29,0.82587963,1,1.0
128502,10808,2024-01-22,2024-01-29,0.61483294,0,2.0
128502,52918,2024-01-22,2024-01-29,0.61483294,0,2.0
128502,1304,2024-01-22,2024-01-29,0.5143149,0,3.0
128502,30500,2024-01-22,2024-01-29,0.5143149,0,3.0
128502,10652,2024-01-29,2024-02-05,0.82587963,1,1.0
128502,10808,2024-01-29,2024-02-05,0.61483294,0,2.0
128502,52918,2024-01-29,2024-02-05,0.61483294,0,2.0
128502,1304,2024-01-29,2024-02-05,0.5143149,0,3.0
128502,30500,2024-01-29,2024-02-05,0.5143149,0,3.0
128502,10652,2024-02-05,2024-02-12,0.82587963,1,1.0
128502,10808,2024-02-05,2024-02-12,0.61483294,0,2.0
128502,52918,2024-02-05,2024-02-12,0.61483294,0,2.0
128502,1304,2024-02-05,2024-02-12,0.5143149,0,3.0
128502,30500,2024-02-05,2024-02-12,0.5143149,0,3.0
128502,10652,2024-02-12,2024-02-19,0.82587963,1,1.0
128502,10808,2024-02-12,2024-02-19,0.61483294,0,2.0
128502,52918,2024-02-12,2024-02-19,0.61483294,0,2.0
128502,1304,2024-02-12,2024-02-19,0.5143149,0,3.0
128502,30500,2024-02-12,2024-02-19,0.5143149,0,3.0
128502,10652,2024-02-19,2024-02-26,0.82587963,1,1.0
128502,10808,2024-02-19,2024-02-26,0.61483294,0,2.0
128502,52918,2024-02-19,2024-02-26,0.61483294,0,2.0
128502,1304,2024-02-19,2024-02-26,0.5143149,0,3.0
128502,30500,2024-02-19,2024-02-26,0.5143149,0,3.0
128502,10652,2024-02-26,2024-03-04,0.82587963,1,1.0
128502,10790,2024-02-26,2024-03-04,0.82587963,1,1.0
128502,10808,2024-02-26,2024-03-04,0.82587963,1,1.0
128502,11490,2024-02-26,2024-03-04,0.61483294,0,2.0
128502,48980,2024-02-26,2024-03-04,0.61483294,0,2.0
128526,62378,2024-01-01,2024-01-08,0.92733216,1,1.0
128526,63218,2024-01-01,2024-01-08,0.92733216,1,1.0
128526,63510,2024-01-01,2024-01-08,0.92733216,1,1.0
128526,54096,2024-01-01,2024-01-08,0.89170694,1,2.0
128526,55638,2024-01-01,2024-01-08,0.89170694,1,2.0
128526,62276,2024-01-08,2024-01-15,0.92733216,1,1.0
128526,63360,2024-01-08,2024-01-15,0.92733216,1,1.0
128526,63418,2024-01-08,2024-01-15,0.92733216,1,1.0
128526,53394,2024-01-08,2024-01-15,0.89170694,1,2.0
128526,54290,2024-01-08,2024-01-15,0.89170694,1,2.0
128526,62376,2024-01-15,2024-01-22,0.92733216,1,1.0
128526,63220,2024-01-15,2024-01-22,0.92733216,1,1.0
128526,63508,2024-01-15,2024-01-22,0.92733216,1,1.0
128526,53406,2024-01-15,2024-01-22,0.89170694,1,2.0
128526,54864,2024-01-15,2024-01-22,0.89170694,1,2.0
128526,62376,2024-01-22,2024-01-29,0.92733216,1,1.0
128526,63220,2024-01-22,2024-01-29,0.92733216,1,1.0
128526,63508,2024-01-22,2024-01-29,0.92733216,1,1.0
128526,53406,2024-01-22,2024-01-29,0.89170694,1,2.0
128526,54864,2024-01-22,2024-01-29,0.89170694,1,2.0
128526,62376,2024-01-29,2024-02-05,0.92733216,1,1.0
128526,63220,2024-01-29,2024-02-05,0.92733216,1,1.0
128526,63508,2024-01-29,2024-02-05,0.92733216,1,1.0
128526,53406,2024-01-29,2024-02-05,0.89170694,1,2.0
128526,54864,2024-01-29,2024-02-05,0.89170694,1,2.0
128526,62376,2024-02-05,2024-02-12,0.92733216,1,1.0
128526,63220,2024-02-05,2024-02-12,0.92733216,1,1.0
128526,63508,2024-02-05,2024-02-12,0.92733216,1,1.0
128526,53406,2024-02-05,2024-02-12,0.89170694,1,2.0
128526,54864,2024-02-05,2024-02-12,0.89170694,1,2.0
128526,62376,2024-02-12,2024-02-19,0.92733216,1,1.0
128526,63220,2024-02-12,2024-02-19,0.92733216,1,1.0
128526,63508,2024-02-12,2024-02-19,0.92733216,1,1.0
128526,53406,2024-02-12,2024-02-19,0.89170694,1,2.0
128526,54864,2024-02-12,2024-02-19,0.89170694,1,2.0
128526,62376,2024-02-19,2024-02-26,0.92733216,1,1.0
128526,63220,2024-02-19,2024-02-26,0.92733216,1,1.0
128526,63508,2024-02-19,2024-02-26,0.92733216,1,1.0
128526,53406,2024-02-19,2024-02-26,0.89170694,1,2.0
128526,54864,2024-02-19,2024-02-26,0.89170694,1,2.0
128526,62378,2024-02-26,2024-03-04,0.92733216,1,1.0
128526,63218,2024-02-26,2024-03-04,0.92733216,1,1.0
128526,63510,2024-02-26,2024-03-04,0.92733216,1,1.0
128526,54096,2024-02-26,2024-03-04,0.89170694,1,2.0
128526,55638,2024-02-26,2024-03-04,0.89170694,1,2.0
128538,1206,2024-01-01,2024-01-08,0.95013016,1,1.0
128538,62074,2024-01-01,2024-01-08,0.95013016,1,1.0
128538,124,2024-01-01,2024-01-08,0.92733216,1,2.0
128538,32496,2024-01-01,2024-01-08,0.92733216,1,2.0
128538,33534,2024-01-01,2024-01-08,0.92733216,1,2.0
128538,11490,2024-01-08,2024-01-15,0.95013016,1,1.0
128538,61560,2024-01-08,2024-01-15,0.95013016,1,1.0
128538,10808,2024-01-08,2024-01-15,0.92733216,1,2.0
128538,16358,2024-01-08,2024-01-15,0.92733216,1,2.0
128538,33534,2024-01-08,2024-01-15,0.92733216,1,2.0
128538,33534,2024-01-15,2024-01-22,0.95013016,1,1.0
128538,61672,2024-01-15,2024-01-22,0.95013016,1,1.0
128538,11490,2024-01-15,2024-01-22,0.92733216,1,2.0
128538,1206,2024-01-15,2024-01-22,0.92733216,1,2.0
128538,30500,2024-01-15,2024-01-22,0.92733216,1,2.0
128538,33534,2024-01-22,2024-01-29,0.95013016,1,1.0
128538,61672,2024-01-22,2024-01-29,0.95013016,1,1.0
128538,11490,2024-01-22,2024-01-29,0.92733216,1,2.0
128538,1206,2024-01-22,2024-01-29,0.92733216,1,2.0
128538,30500,2024-01-22,2024-01-29,0.92733216,1,2.0
128538,33534,2024-01-29,2024-02-05,0.95013016,1,1.0
128538,61672,2024-01-29,2024-02-05,0.95013016,1,1.0
128538,11490,2024-01-29,2024-02-05,0.92733216,1,2.0
128538,1206,2024-01-29,2024-02-05,0.92733216,1,2.0
128538,30500,2024-01-29,2024-02-05,0.92733216,1,2.0
128538,33534,2024-02-05,2024-02-12,0.95013016,1,1.0
128538,61672,2024-02-05,2024-02-12,0.95013016,1,1.0
128538,11490,2024-02-05,2024-02-12,0.92733216,1,2.0
128538,1206,2024-02-05,2024-02-12,0.92733216,1,2.0
128538,30500,2024-02-05,2024-02-12,0.92733216,1,2.0
128538,33534,2024-02-12,2024-02-19,0.95013016,1,1.0
128538,61672,2024-02-12,2024-02-19,0.95013016,1,1.0
128538,11490,2024-02-12,2024-02-19,0.92733216,1,2.0
128538,1206,2024-02-12,2024-02-19,0.92733216,1,2.0
128538,30500,2024-02-12,2024-02-19,0.92733216,1,2.0
128538,33534,2024-02-19,2024-02-26,0.95013016,1,1.0
128538,61672,2024-02-19,2024-02-26,0.95013016,1,1.0
128538,11490,2024-02-19,2024-02-26,0.92733216,1,2.0
128538,1206,2024-02-19,2024-02-26,0.92733216,1,2.0
128538,30500,2024-02-19,2024-02-26,0.92733216,1,2.0
128538,1206,2024-02-26,2024-03-04,0.95013016,1,1.0
128538,62074,2024-02-26,2024-03-04,0.95013016,1,1.0
128538,124,2024-02-26,2024-03-04,0.92733216,1,2.0
128538,32496,2024-02-26,2024-03-04,0.92733216,1,2.0
128538,33534,2024-02-26,2024-03-04,0.92733216,1,2.0
128604,52620,2024-01-01,2024-01-08,0.95375454,1,1.0
128604,53394,2024-01-01,2024-01-08,0.87044424,1,2.0
128604,62170,2024-01-01,2024-01-08,0.8505382,1,3.0
128604,50272,2024-01-01,2024-01-08,0.8401255,1,4.0
128604,50274,2024-01-01,2024-01-08,0.8401255,1,4.0
128604,50968,2024-01-08,2024-01-15,0.95375454,1,1.0
128604,53256,2024-01-08,2024-01-15,0.87044424,1,2.0
128604,49888,2024-01-08,2024-01-15,0.8401255,1,3.0
128604,50268,2024-01-08,2024-01-15,0.8401255,1,3.0
128604,52918,2024-01-08,2024-01-15,0.8185612,1,4.0
128604,51974,2024-01-15,2024-01-22,0.95375454,1,1.0
128604,53386,2024-01-15,2024-01-22,0.87044424,1,2.0
128604,62074,2024-01-15,2024-01-22,0.8505382,1,3.0
128604,50270,2024-01-15,2024-01-22,0.8401255,1,4.0
128604,50272,2024-01-15,2024-01-22,0.8401255,1,4.0
128604,51974,2024-01-22,2024-01-29,0.95375454,1,1.0
128604,53386,2024-01-22,2024-01-29,0.87044424,1,2.0
128604,62074,2024-01-22,2024-01-29,0.8505382,1,3.0
128604,50270,2024-01-22,2024-01-29,0.8401255,1,4.0
128604,50272,2024-01-22,2024-01-29,0.8401255,1,4.0
128604,51974,2024-01-29,2024-02-05,0.95375454,1,1.0
128604,53386,2024-01-29,2024-02-05,0.87044424,1,2.0
128604,62074,2024-01-29,2024-02-05,0.8505382,1,3.0
128604,50270,2024-01-29,2024-02-05,0.8401255,1,4.0
128604,50272,2024-01-29,2024-02-05,0.8401255,1,4.0
128604,51974,2024-02-05,2024-02-12,0.95375454,1,1.0
128604,53386,2024-02-05,2024-02-12,0.87044424,1,2.0
128604,62074,2024-02-05,2024-02-12,0.8505382,1,3.0
128604,50270,2024-02-05,2024-02-12,0.8401255,1,4.0
128604,50272,2024-02-05,2024-02-12,0.8401255,1,4.0
128604,51974,2024-02-12,2024-02-19,0.95375454,1,1.0
128604,53386,2024-02-12,2024-02-19,0.87044424,1,2.0
128604,62074,2024-02-12,2024-02-19,0.8505382,1,3.0
128604,50270,2024-02-12,2024-02-19,0.8401255,1,4.0
128604,50272,2024-02-12,2024-02-19,0.8401255,1,4.0
128604,51974,2024-02-19,2024-02-26,0.95375454,1,1.0
128604,53386,2024-02-19,2024-02-26,0.87044424,1,2.0
128604,62074,2024-02-19,2024-02-26,0.8505382,1,3.0
128604,50270,2024-02-19,2024-02-26,0.8401255,1,4.0
128604,50272,2024-02-19,2024-02-26,0.8401255,1,4.0
128604,51974,2024-02-26,2024-03-04,0.95375454,1,1.0
128604,53386,2024-02-26,2024-03-04,0.87044424,1,2.0
128604,62074,2024-02-26,2024-03-04,0.8505382,1,3.0
128604,50270,2024-02-26,2024-03-04,0.8401255,1,4.0
128604,50272,2024-02-26,2024-03-04,0.8401255,1,4.0
128685,61672,2024-01-01,2024-01-08,0.91101855,1,1.0
128685,61280,2024-01-01,2024-01-08,0.9040424,1,2.0
128685,61560,2024-01-01,2024-01-08,0.9040424,1,2.0
128685,62074,2024-01-01,2024-01-08,0.9040424,1,2.0
128685,62400,2024-01-01,2024-01-08,0.9040424,1,2.0
128685,61552,2024-01-08,2024-01-15,0.91101855,1,1.0
128685,61542,2024-01-08,2024-01-15,0.9040424,1,2.0
128685,61558,2024-01-08,2024-01-15,0.9040424,1,2.0
128685,62276,2024-01-08,2024-01-15,0.9040424,1,2.0
128685,62400,2024-01-08,2024-01-15,0.9040424,1,2.0
128685,61560,2024-01-15,2024-01-22,0.91101855,1,1.0
128685,61558,2024-01-15,2024-01-22,0.9040424,1,2.0
128685,61672,2024-01-15,2024-01-22,0.9040424,1,2.0
128685,62378,2024-01-15,2024-01-22,0.9040424,1,2.0
128685,62616,2024-01-15,2024-01-22,0.9040424,1,2.0
128685,61560,2024-01-22,2024-01-29,0.91101855,1,1.0
128685,61558,2024-01-22,2024-01-29,0.9040424,1,2.0
128685,61672,2024-01-22,2024-01-29,0.9040424,1,2.0
128685,62378,2024-01-22,2024-01-29,0.9040424,1,2.0
128685,62616,2024-01-22,2024-01-29,0.9040424,1,2.0
128685,61560,2024-01-29,2024-02-05,0.91101855,1,1.0
128685,61558,2024-01-29,2024-02-05,0.9040424,1,2.0
128685,61672,2024-01-29,2024-02-05,0.9040424,1,2.0
128685,62378,2024-01-29,2024-02-05,0.9040424,1,2.0
128685,62616,2024-01-29,2024-02-05,0.9040424,1,2.0
128685,61560,2024-02-05,2024-02-12,0.91101855,1,1.0
128685,61558,2024-02-05,2024-02-12,0.9040424,1,2.0
128685,61672,2024-02-05,2024-02-12,0.9040424,1,2.0
128685,62378,2024-02-05,2024-02-12,0.9040424,1,2.0
128685,62616,2024-02-05,2024-02-12,0.9040424,1,2.0
128685,61560,2024-02-12,2024-02-19,0.91101855,1,1.0
128685,61558,2024-02-12,2024-02-19,0.9040424,1,2.0
128685,61672,2024-02-12,2024-02-19,0.9040424,1,2.0
128685,62378,2024-02-12,2024-02-19,0.9040424,1,2.0
128685,62616,2024-02-12,2024-02-19,0.9040424,1,2.0
128685,61560,2024-02-19,2024-02-26,0.91101855,1,1.0
128685,61558,2024-02-19,2024-02-26,0.9040424,1,2.0
128685,61672,2024-02-19,2024-02-26,0.9040424,1,2.0
128685,62378,2024-02-19,2024-02-26,0.9040424,1,2.0
128685,62616,2024-02-19,2024-02-26,0.9040424,1,2.0
128685,61560,2024-02-26,2024-03-04,0.91101855,1,1.0
128685,61558,2024-02-26,2024-03-04,0.9040424,1,2.0
128685,61672,2024-02-26,2024-03-04,0.9040424,1,2.0
128685,62378,2024-02-26,2024-03-04,0.9040424,1,2.0
128685,62616,2024-02-26,2024-03-04,0.9040424,1,2.0
128700,59394,2024-01-01,2024-01-08,0.95375454,1,1.0
128700,54864,2024-01-01,2024-01-08,0.91101855,1,2.0
128700,56484,2024-01-01,2024-01-08,0.9040424,1,3.0
128700,56696,2024-01-01,2024-01-08,0.9040424,1,3.0
128700,56714,2024-01-01,2024-01-08,0.9040424,1,3.0
128700,51974,2024-01-08,2024-01-15,0.95375454,1,1.0
128700,53406,2024-01-08,2024-01-15,0.91101855,1,2.0
128700,55632,2024-01-08,2024-01-15,0.9040424,1,3.0
128700,55638,2024-01-08,2024-01-15,0.9040424,1,3.0
128700,55798,2024-01-08,2024-01-15,0.9040424,1,3.0
128700,52918,2024-01-15,2024-01-22,0.95375454,1,1.0
128700,54290,2024-01-15,2024-01-22,0.91101855,1,2.0
128700,55798,2024-01-15,2024-01-22,0.9040424,1,3.0
128700,56484,2024-01-15,2024-01-22,0.9040424,1,3.0
128700,56696,2024-01-15,2024-01-22,0.9040424,1,3.0
128700,52918,2024-01-22,2024-01-29,0.95375454,1,1.0
128700,54290,2024-01-22,2024-01-29,0.91101855,1,2.0
128700,55798,2024-01-22,2024-01-29,0.9040424,1,3.0
128700,56484,2024-01-22,2024-01-29,0.9040424,1,3.0
128700,56696,2024-01-22,2024-01-29,0.9040424,1,3.0
128700,52918,2024-01-29,2024-02-05,0.95375454,1,1.0
128700,54290,2024-01-29,2024-02-05,0.91101855,1,2.0
128700,55798,2024-01-29,2024-02-05,0.9040424,1,3.0
128700,56484,2024-01-29,2024-02-05,0.9040424,1,3.0
128700,56696,2024-01-29,2024-02-05,0.9040424,1,3.0
128700,52918,2024-02-05,2024-02-12,0.95375454,1,1.0
128700,54290,2024-02-05,2024-02-12,0.91101855,1,2.0
128700,55798,2024-02-05,2024-02-12,0.9040424,1,3.0
128700,56484,2024-02-05,2024-02-12,0.9040424,1,3.0
128700,56696,2024-02-05,2024-02-12,0.9040424,1,3.0
128700,52918,2024-02-12,2024-02-19,0.95375454,1,1.0
128700,54290,2024-02-12,2024-02-19,0.91101855,1,2.0
128700,55798,2024-02-12,2024-02-19,0.9040424,1,3.0
128700,56484,2024-02-12,2024-02-19,0.9040424,1,3.0
128700,56696,2024-02-12,2024-02-19,0.9040424,1,3.0
128700,52918,2024-02-19,2024-02-26,0.95375454,1,1.0
128700,54290,2024-02-19,2024-02-26,0.91101855,1,2.0
128700,55798,2024-02-19,2024-02-26,0.9040424,1,3.0
128700,56484,2024-02-19,2024-02-26,0.9040424,1,3.0
128700,56696,2024-02-19,2024-02-26,0.9040424,1,3.0
128700,52918,2024-02-26,2024-03-04,0.95375454,1,1.0
128700,54290,2024-02-26,2024-03-04,0.91101855,1,2.0
128700,55798,2024-02-26,2024-03-04,0.9040424,1,3.0
128700,56484,2024-02-26,2024-03-04,0.9040424,1,3.0
128700,56696,2024-02-26,2024-03-04,0.9040424,1,3.0
128763,1304,2024-01-01,2024-01-08,0.8426634,1,1.0
128763,62170,2024-01-01,2024-01-08,0.8426634,1,1.0
128763,124,2024-01-01,2024-01-08,0.8192939,1,2.0
128763,1370,2024-01-01,2024-01-08,0.8192939,1,2.0
128763,3382,2024-01-01,2024-01-08,0.8192939,1,2.0
128763,11490,2024-01-08,2024-01-15,0.8426634,1,1.0
128763,61560,2024-01-08,2024-01-15,0.8426634,1,1.0
128763,11262,2024-01-08,2024-01-15,0.8192939,1,2.0
128763,1206,2024-01-08,2024-01-15,0.8192939,1,2.0
128763,30500,2024-01-08,2024-01-15,0.8192939,1,2.0
128763,124,2024-01-15,2024-01-22,0.8426634,1,1.0
128763,62074,2024-01-15,2024-01-22,0.8426634,1,1.0
128763,1206,2024-01-15,2024-01-22,0.8192939,1,2.0
128763,1304,2024-01-15,2024-01-22,0.8192939,1,2.0
128763,33534,2024-01-15,2024-01-22,0.8192939,1,2.0
128763,124,2024-01-22,2024-01-29,0.8426634,1,1.0
128763,62074,2024-01-22,2024-01-29,0.8426634,1,1.0
128763,1206,2024-01-22,2024-01-29,0.8192939,1,2.0
128763,1304,2024-01-22,2024-01-29,0.8192939,1,2.0
128763,33534,2024-01-22,2024-01-29,0.8192939,1,2.0
128763,124,2024-01-29,2024-02-05,0.8426634,1,1.0
128763,62074,2024-01-29,2024-02-05,0.8426634,1,1.0
128763,1206,2024-01-29,2024-02-05,0.8192939,1,2.0
128763,1304,2024-01-29,2024-02-05,0.8192939,1,2.0
128763,33534,2024-01-29,2024-02-05,0.8192939,1,2.0
128763,124,2024-02-05,2024-02-12,0.8426634,1,1.0
128763,62074,2024-02-05,2024-02-12,0.8426634,1,1.0
128763,1206,2024-02-05,2024-02-12,0.8192939,1,2.0
128763,1304,2024-02-05,2024-02-12,0.8192939,1,2.0
128763,33534,2024-02-05,2024-02-12,0.8192939,1,2.0
128763,124,2024-02-12,2024-02-19,0.8426634,1,1.0
128763,62074,2024-02-12,2024-02-19,0.8426634,1,1.0
128763,1206,2024-02-12,2024-02-19,0.8192939,1,2.0
128763,1304,2024-02-12,2024-02-19,0.8192939,1,2.0
128763,33534,2024-02-12,2024-02-19,0.8192939,1,2.0
128763,124,2024-02-19,2024-02-26,0.8426634,1,1.0
128763,62074,2024-02-19,2024-02-26,0.8426634,1,1.0
128763,1206,2024-02-19,2024-02-26,0.8192939,1,2.0
128763,1304,2024-02-19,2024-02-26,0.8192939,1,2.0
128763,33534,2024-02-19,2024-02-26,0.8192939,1,2.0
128763,124,2024-02-26,2024-03-04,0.8426634,1,1.0
128763,62074,2024-02-26,2024-03-04,0.8426634,1,1.0
128763,1206,2024-02-26,2024-03-04,0.8192939,1,2.0
128763,1304,2024-02-26,2024-03-04,0.8192939,1,2.0
128763,33534,2024-02-26,2024-03-04,0.8192939,1,2.0
128901,60,2024-01-01,2024-01-08,0.91326284,1,1.0
128901,59822,2024-01-01,2024-01-08,0.8505382,1,2.0
128901,60522,2024-01-01,2024-01-08,0.8505382,1,2.0
128901,61540,2024-01-01,2024-01-08,0.8505382,1,2.0
128901,61558,2024-01-01,2024-01-08,0.8505382,1,2.0
128901,62274,2024-01-08,2024-01-15,0.91326284,1,1.0
128901,59816,2024-01-08,2024-01-15,0.8505382,1,2.0
128901,61280,2024-01-08,2024-01-15,0.8505382,1,2.0
128901,61540,2024-01-08,2024-01-15,0.8505382,1,2.0
128901,62276,2024-01-08,2024-01-15,0.8505382,1,2.0
128901,59822,2024-01-15,2024-01-22,0.91326284,1,1.0
128901,59816,2024-01-15,2024-01-22,0.8505382,1,2.0
128901,60,2024-01-15,2024-01-22,0.8505382,1,2.0
128901,61364,2024-01-15,2024-01-22,0.8505382,1,2.0
128901,61552,2024-01-15,2024-01-22,0.8505382,1,2.0
128901,59822,2024-01-22,2024-01-29,0.91326284,1,1.0
128901,59816,2024-01-22,2024-01-29,0.8505382,1,2.0
128901,60,2024-01-22,2024-01-29,0.8505382,1,2.0
128901,61364,2024-01-22,2024-01-29,0.8505382,1,2.0
128901,61552,2024-01-22,2024-01-29,0.8505382,1,2.0
128901,59822,2024-01-29,2024-02-05,0.91326284,1,1.0
128901,59816,2024-01-29,2024-02-05,0.8505382,1,2.0
128901,60,2024-01-29,2024-02-05,0.8505382,1,2.0
128901,61364,2024-01-29,2024-02-05,0.8505382,1,2.0
128901,61552,2024-01-29,2024-02-05,0.8505382,1,2.0
128901,59822,2024-02-05,2024-02-12,0.91326284,1,1.0
128901,59816,2024-02-05,2024-02-12,0.8505382,1,2.0
128901,60,2024-02-05,2024-02-12,0.8505382,1,2.0
128901,61364,2024-02-05,2024-02-12,0.8505382,1,2.0
128901,61552,2024-02-05,2024-02-12,0.8505382,1,2.0
128901,59822,2024-02-12,2024-02-19,0.91326284,1,1.0
128901,59816,2024-02-12,2024-02-19,0.8505382,1,2.0
128901,60,2024-02-12,2024-02-19,0.8505382,1,2.0
128901,61364,2024-02-12,2024-02-19,0.8505382,1,2.0
128901,61552,2024-02-12,2024-02-19,0.8505382,1,2.0
128901,59822,2024-02-19,2024-02-26,0.91326284,1,1.0
128901,59816,2024-02-19,2024-02-26,0.8505382,1,2.0
128901,60,2024-02-19,2024-02-26,0.8505382,1,2.0
128901,61364,2024-02-19,2024-02-26,0.8505382,1,2.0
128901,61552,2024-02-19,2024-02-26,0.8505382,1,2.0
128901,59822,2024-02-26,2024-03-04,0.91326284,1,1.0
128901,59816,2024-02-26,2024-03-04,0.8505382,1,2.0
128901,60,2024-02-26,2024-03-04,0.8505382,1,2.0
128901,61364,2024-02-26,2024-03-04,0.8505382,1,2.0
128901,61552,2024-02-26,2024-03-04,0.8505382,1,2.0
129081,52620,2024-01-01,2024-01-08,0.91326284,1,1.0
129081,53160,2024-01-01,2024-01-08,0.8505382,1,2.0
129081,53256,2024-01-01,2024-01-08,0.8505382,1,2.0
129081,53258,2024-01-01,2024-01-08,0.8505382,1,2.0
129081,11490,2024-01-01,2024-01-08,0.67206943,0,3.0
129081,50970,2024-01-08,2024-01-15,0.91326284,1,1.0
129081,52918,2024-01-08,2024-01-15,0.8505382,1,2.0
129081,53046,2024-01-08,2024-01-15,0.8505382,1,2.0
129081,53048,2024-01-08,2024-01-15,0.8505382,1,2.0
129081,11262,2024-01-08,2024-01-15,0.67206943,0,3.0
129081,51974,2024-01-15,2024-01-22,0.91326284,1,1.0
129081,53048,2024-01-15,2024-01-22,0.8505382,1,2.0
129081,53160,2024-01-15,2024-01-22,0.8505382,1,2.0
129081,53256,2024-01-15,2024-01-22,0.8505382,1,2.0
129081,10790,2024-01-15,2024-01-22,0.67206943,0,3.0
129081,51974,2024-01-22,2024-01-29,0.91326284,1,1.0
129081,53048,2024-01-22,2024-01-29,0.8505382,1,2.0
129081,53160,2024-01-22,2024-01-29,0.8505382,1,2.0
129081,53256,2024-01-22,2024-01-29,0.8505382,1,2.0
129081,10790,2024-01-22,2024-01-29,0.67206943,0,3.0
129081,51974,2024-01-29,2024-02-05,0.91326284,1,1.0
129081,53048,2024-01-29,2024-02-05,0.8505382,1,2.0
129081,53160,2024-01-29,2024-02-05,0.8505382,1,2.0
129081,53256,2024-01-29,2024-02-05,0.8505382,1,2.0
129081,10790,2024-01-29,2024-02-05,0.67206943,0,3.0
129081,51974,2024-02-05,2024-02-12,0.91326284,1,1.0
129081,53048,2024-02-05,2024-02-12,0.8505382,1,2.0
129081,53160,2024-02-05,2024-02-12,0.8505382,1,2.0
129081,53256,2024-02-05,2024-02-12,0.8505382,1,2.0
129081,10790,2024-02-05,2024-02-12,0.67206943,0,3.0
129081,51974,2024-02-12,2024-02-19,0.91326284,1,1.0
129081,53048,2024-02-12,2024-02-19,0.8505382,1,2.0
129081,53160,2024-02-12,2024-02-19,0.8505382,1,2.0
129081,53256,2024-02-12,2024-02-19,0.8505382,1,2.0
129081,10790,2024-02-12,2024-02-19,0.67206943,0,3.0
129081,51974,2024-02-19,2024-02-26,0.91326284,1,1.0
129081,53048,2024-02-19,2024-02-26,0.8505382,1,2.0
129081,53160,2024-02-19,2024-02-26,0.8505382,1,2.0
129081,53256,2024-02-19,2024-02-26,0.8505382,1,2.0
129081,10790,2024-02-19,2024-02-26,0.67206943,0,3.0
129081,51974,2024-02-26,2024-03-04,0.91326284,1,1.0
129081,53048,2024-02-26,2024-03-04,0.8505382,1,2.0
129081,53160,2024-02-26,2024-03-04,0.8505382,1,2.0
129081,53256,2024-02-26,2024-03-04,0.8505382,1,2.0
129081,61552,2024-02-26,2024-03-04,0.73070544,0,3.0
129135,62944,2024-01-01,2024-01-08,0.89798564,1,1.0
129135,63188,2024-01-01,2024-01-08,0.89798564,1,1.0
129135,62376,2024-01-01,2024-01-08,0.85700566,1,2.0
129135,62614,2024-01-01,2024-01-08,0.85700566,1,2.0
129135,62274,2024-01-01,2024-01-08,0.7000747,0,3.0
129135,62944,2024-01-08,2024-01-15,0.89798564,1,1.0
129135,63538,2024-01-08,2024-01-15,0.89798564,1,1.0
129135,59396,2024-01-08,2024-01-15,0.85700566,1,2.0
129135,62170,2024-01-08,2024-01-15,0.85700566,1,2.0
129135,61672,2024-01-08,2024-01-15,0.7000747,0,3.0
129135,62860,2024-01-15,2024-01-22,0.89798564,1,1.0
129135,63186,2024-01-15,2024-01-22,0.89798564,1,1.0
129135,62276,2024-01-15,2024-01-22,0.85700566,1,2.0
129135,62400,2024-01-15,2024-01-22,0.85700566,1,2.0
129135,62170,2024-01-15,2024-01-22,0.7000747,0,3.0
129135,62860,2024-01-22,2024-01-29,0.89798564,1,1.0
129135,63186,2024-01-22,2024-01-29,0.89798564,1,1.0
129135,62276,2024-01-22,2024-01-29,0.85700566,1,2.0
129135,62400,2024-01-22,2024-01-29,0.85700566,1,2.0
129135,62170,2024-01-22,2024-01-29,0.7000747,0,3.0
129135,62860,2024-01-29,2024-02-05,0.89798564,1,1.0
129135,63186,2024-01-29,2024-02-05,0.89798564,1,1.0
129135,62276,2024-01-29,2024-02-05,0.85700566,1,2.0
129135,62400,2024-01-29,2024-02-05,0.85700566,1,2.0
129135,62170,2024-01-29,2024-02-05,0.7000747,0,3.0
129135,62860,2024-02-05,2024-02-12,0.89798564,1,1.0
129135,63186,2024-02-05,2024-02-12,0.89798564,1,1.0
129135,62276,2024-02-05,2024-02-12,0.85700566,1,2.0
129135,62400,2024-02-05,2024-02-12,0.85700566,1,2.0
129135,62170,2024-02-05,2024-02-12,0.7000747,0,3.0
129135,62860,2024-02-12,2024-02-19,0.89798564,1,1.0
129135,63186,2024-02-12,2024-02-19,0.89798564,1,1.0
129135,62276,2024-02-12,2024-02-19,0.85700566,1,2.0
129135,62400,2024-02-12,2024-02-19,0.85700566,1,2.0
129135,62170,2024-02-12,2024-02-19,0.7000747,0,3.0
129135,62860,2024-02-19,2024-02-26,0.89798564,1,1.0
129135,63186,2024-02-19,2024-02-26,0.89798564,1,1.0
129135,62276,2024-02-19,2024-02-26,0.85700566,1,2.0
129135,62400,2024-02-19,2024-02-26,0.85700566,1,2.0
129135,62170,2024-02-19,2024-02-26,0.7000747,0,3.0
129135,62618,2024-02-26,2024-03-04,0.89798564,1,1.0
129135,63136,2024-02-26,2024-03-04,0.89798564,1,1.0
129135,63540,2024-02-26,2024-03-04,0.89798564,1,1.0
129135,59816,2024-02-26,2024-03-04,0.85700566,1,2.0
129135,62274,2024-02-26,2024-03-04,0.85700566,1,2.0
129153,42132,2024-01-01,2024-01-08,0.9398805,1,1.0
129153,10790,2024-01-01,2024-01-08,0.89798564,1,2.0
129153,124,2024-01-01,2024-01-08,0.89798564,1,2.0
129153,39186,2024-01-01,2024-01-08,0.89798564,1,2.0
129153,44302,2024-01-01,2024-01-08,0.89798564,1,2.0
129153,36762,2024-01-08,2024-01-15,0.9398805,1,1.0
129153,11262,2024-01-08,2024-01-15,0.89798564,1,2.0
129153,33534,2024-01-08,2024-01-15,0.89798564,1,2.0
129153,36722,2024-01-08,2024-01-15,0.89798564,1,2.0
129153,37644,2024-01-08,2024-01-15,0.89798564,1,2.0
129153,39186,2024-01-15,2024-01-22,0.9398805,1,1.0
129153,10652,2024-01-15,2024-01-22,0.89798564,1,2.0
129153,34092,2024-01-15,2024-01-22,0.89798564,1,2.0
129153,37644,2024-01-15,2024-01-22,0.89798564,1,2.0
129153,42132,2024-01-15,2024-01-22,0.89798564,1,2.0
129153,39186,2024-01-22,2024-01-29,0.9398805,1,1.0
129153,10652,2024-01-22,2024-01-29,0.89798564,1,2.0
129153,34092,2024-01-22,2024-01-29,0.89798564,1,2.0
129153,37644,2024-01-22,2024-01-29,0.89798564,1,2.0
129153,42132,2024-01-22,2024-01-29,0.89798564,1,2.0
129153,39186,2024-01-29,2024-02-05,0.9398805,1,1.0
129153,10652,2024-01-29,2024-02-05,0.89798564,1,2.0
129153,34092,2024-01-29,2024-02-05,0.89798564,1,2.0
129153,37644,2024-01-29,2024-02-05,0.89798564,1,2.0
129153,42132,2024-01-29,2024-02-05,0.89798564,1,2.0
129153,39186,2024-02-05,2024-02-12,0.9398805,1,1.0
129153,10652,2024-02-05,2024-02-12,0.89798564,1,2.0
129153,34092,2024-02-05,2024-02-12,0.89798564,1,2.0
129153,37644,2024-02-05,2024-02-12,0.89798564,1,2.0
129153,42132,2024-02-05,2024-02-12,0.89798564,1,2.0
129153,39186,2024-02-12,2024-02-19,0.9398805,1,1.0
129153,10652,2024-02-12,2024-02-19,0.89798564,1,2.0
129153,34092,2024-02-12,2024-02-19,0.89798564,1,2.0
129153,37644,2024-02-12,2024-02-19,0.89798564,1,2.0
129153,42132,2024-02-12,2024-02-19,0.89798564,1,2.0
129153,39186,2024-02-19,2024-02-26,0.9398805,1,1.0
129153,10652,2024-02-19,2024-02-26,0.89798564,1,2.0
129153,34092,2024-02-19,2024-02-26,0.89798564,1,2.0
129153,37644,2024-02-19,2024-02-26,0.89798564,1,2.0
129153,42132,2024-02-19,2024-02-26,0.89798564,1,2.0
129153,37644,2024-02-26,2024-03-04,0.9398805,1,1.0
129153,3382,2024-02-26,2024-03-04,0.89798564,1,2.0
129153,36762,2024-02-26,2024-03-04,0.89798564,1,2.0
129153,39186,2024-02-26,2024-03-04,0.89798564,1,2.0
129153,59776,2024-02-26,2024-03-04,0.8199844,1,3.0
129204,50270,2024-01-01,2024-01-08,0.70495415,0,1.0
129204,54096,2024-01-01,2024-01-08,0.70495415,0,1.0
129204,54290,2024-01-01,2024-01-08,0.70495415,0,1.0
129204,63136,2024-01-01,2024-01-08,0.6901879,0,2.0
129204,3382,2024-01-01,2024-01-08,0.67137516,0,3.0
129204,35732,2024-01-08,2024-01-15,0.70495415,0,1.0
129204,50268,2024-01-08,2024-01-15,0.70495415,0,1.0
129204,50270,2024-01-08,2024-01-15,0.70495415,0,1.0
129204,32496,2024-01-08,2024-01-15,0.67137516,0,2.0
129204,50716,2024-01-08,2024-01-15,0.4184579,0,3.0
129204,50268,2024-01-15,2024-01-22,0.70495415,0,1.0
129204,50270,2024-01-15,2024-01-22,0.70495415,0,1.0
129204,54096,2024-01-15,2024-01-22,0.70495415,0,1.0
129204,33534,2024-01-15,2024-01-22,0.67137516,0,2.0
129204,60978,2024-01-15,2024-01-22,0.55256563,0,3.0
129204,50268,2024-01-22,2024-01-29,0.70495415,0,1.0
129204,50270,2024-01-22,2024-01-29,0.70495415,0,1.0
129204,54096,2024-01-22,2024-01-29,0.70495415,0,1.0
129204,33534,2024-01-22,2024-01-29,0.67137516,0,2.0
129204,60978,2024-01-22,2024-01-29,0.55256563,0,3.0
129204,50268,2024-01-29,2024-02-05,0.70495415,0,1.0
129204,50270,2024-01-29,2024-02-05,0.70495415,0,1.0
129204,54096,2024-01-29,2024-02-05,0.70495415,0,1.0
129204,33534,2024-01-29,2024-02-05,0.67137516,0,2.0
129204,60978,2024-01-29,2024-02-05,0.55256563,0,3.0
129204,50268,2024-02-05,2024-02-12,0.70495415,0,1.0
129204,50270,2024-02-05,2024-02-12,0.70495415,0,1.0
129204,54096,2024-02-05,2024-02-12,0.70495415,0,1.0
129204,33534,2024-02-05,2024-02-12,0.67137516,0,2.0
129204,60978,2024-02-05,2024-02-12,0.55256563,0,3.0
129204,50268,2024-02-12,2024-02-19,0.70495415,0,1.0
129204,50270,2024-02-12,2024-02-19,0.70495415,0,1.0
129204,54096,2024-02-12,2024-02-19,0.70495415,0,1.0
129204,33534,2024-02-12,2024-02-19,0.67137516,0,2.0
129204,60978,2024-02-12,2024-02-19,0.55256563,0,3.0
129204,50268,2024-02-19,2024-02-26,0.70495415,0,1.0
129204,50270,2024-02-19,2024-02-26,0.70495415,0,1.0
129204,54096,2024-02-19,2024-02-26,0.70495415,0,1.0
129204,33534,2024-02-19,2024-02-26,0.67137516,0,2.0
129204,60978,2024-02-19,2024-02-26,0.55256563,0,3.0
129204,50268,2024-02-26,2024-03-04,0.70495415,0,1.0
129204,50270,2024-02-26,2024-03-04,0.70495415,0,1.0
129204,50272,2024-02-26,2024-03-04,0.70495415,0,1.0
129204,33534,2024-02-26,2024-03-04,0.67137516,0,2.0
129204,61280,2024-02-26,2024-03-04,0.55256563,0,3.0
129264,62944,2024-01-01,2024-01-08,0.91248316,1,1.0
129264,63508,2024-01-01,2024-01-08,0.91248316,1,1.0
129264,63540,2024-01-01,2024-01-08,0.91248316,1,1.0
129264,55638,2024-01-01,2024-01-08,0.8446553,1,2.0
129264,61280,2024-01-01,2024-01-08,0.8446553,1,2.0
129264,62618,2024-01-08,2024-01-15,0.91248316,1,1.0
129264,54864,2024-01-08,2024-01-15,0.8446553,1,2.0
129264,60978,2024-01-08,2024-01-15,0.8446553,1,2.0
129264,55798,2024-01-08,2024-01-15,0.73070544,0,3.0
129264,61028,2024-01-08,2024-01-15,0.73070544,0,3.0
129264,62860,2024-01-15,2024-01-22,0.91248316,1,1.0
129264,63510,2024-01-15,2024-01-22,0.91248316,1,1.0
129264,55632,2024-01-15,2024-01-22,0.8446553,1,2.0
129264,61028,2024-01-15,2024-01-22,0.8446553,1,2.0
129264,56484,2024-01-15,2024-01-22,0.73070544,0,3.0
129264,62860,2024-01-22,2024-01-29,0.91248316,1,1.0
129264,63510,2024-01-22,2024-01-29,0.91248316,1,1.0
129264,55632,2024-01-22,2024-01-29,0.8446553,1,2.0
129264,61028,2024-01-22,2024-01-29,0.8446553,1,2.0
129264,56484,2024-01-22,2024-01-29,0.73070544,0,3.0
129264,62860,2024-01-29,2024-02-05,0.91248316,1,1.0
129264,63510,2024-01-29,2024-02-05,0.91248316,1,1.0
129264,55632,2024-01-29,2024-02-05,0.8446553,1,2.0
129264,61028,2024-01-29,2024-02-05,0.8446553,1,2.0
129264,56484,2024-01-29,2024-02-05,0.73070544,0,3.0
129264,62860,2024-02-05,2024-02-12,0.91248316,1,1.0
129264,63510,2024-02-05,2024-02-12,0.91248316,1,1.0
129264,55632,2024-02-05,2024-02-12,0.8446553,1,2.0
129264,61028,2024-02-05,2024-02-12,0.8446553,1,2.0
129264,56484,2024-02-05,2024-02-12,0.73070544,0,3.0
129264,62860,2024-02-12,2024-02-19,0.91248316,1,1.0
129264,63510,2024-02-12,2024-02-19,0.91248316,1,1.0
129264,55632,2024-02-12,2024-02-19,0.8446553,1,2.0
129264,61028,2024-02-12,2024-02-19,0.8446553,1,2.0
129264,56484,2024-02-12,2024-02-19,0.73070544,0,3.0
129264,62860,2024-02-19,2024-02-26,0.91248316,1,1.0
129264,63510,2024-02-19,2024-02-26,0.91248316,1,1.0
129264,55632,2024-02-19,2024-02-26,0.8446553,1,2.0
129264,61028,2024-02-19,2024-02-26,0.8446553,1,2.0
129264,56484,2024-02-19,2024-02-26,0.73070544,0,3.0
129264,62860,2024-02-26,2024-03-04,0.91248316,1,1.0
129264,63540,2024-02-26,2024-03-04,0.91248316,1,1.0
129264,55632,2024-02-26,2024-03-04,0.8446553,1,2.0
129264,61028,2024-02-26,2024-03-04,0.8446553,1,2.0
129264,56484,2024-02-26,2024-03-04,0.73070544,0,3.0
139272,30500,2024-01-01,2024-01-08,0.947049,1,1.0
139272,61280,2024-01-01,2024-01-08,0.9398805,1,2.0
139272,11262,2024-01-01,2024-01-08,0.91248316,1,3.0
139272,16358,2024-01-01,2024-01-08,0.91248316,1,3.0
139272,32496,2024-01-01,2024-01-08,0.91248316,1,3.0
139272,16358,2024-01-08,2024-01-15,0.947049,1,1.0
139272,62860,2024-01-08,2024-01-15,0.9398805,1,2.0
139272,10652,2024-01-08,2024-01-15,0.91248316,1,3.0
139272,10790,2024-01-08,2024-01-15,0.91248316,1,3.0
139272,1370,2024-01-08,2024-01-15,0.91248316,1,3.0
139272,16358,2024-01-15,2024-01-22,0.947049,1,1.0
139272,61348,2024-01-15,2024-01-22,0.9398805,1,2.0
139272,10808,2024-01-15,2024-01-22,0.91248316,1,3.0
139272,30500,2024-01-15,2024-01-22,0.91248316,1,3.0
139272,35732,2024-01-15,2024-01-22,0.91248316,1,3.0
139272,16358,2024-01-22,2024-01-29,0.947049,1,1.0
139272,61348,2024-01-22,2024-01-29,0.9398805,1,2.0
139272,10808,2024-01-22,2024-01-29,0.91248316,1,3.0
139272,30500,2024-01-22,2024-01-29,0.91248316,1,3.0
139272,35732,2024-01-22,2024-01-29,0.91248316,1,3.0
139272,16358,2024-01-29,2024-02-05,0.947049,1,1.0
139272,61348,2024-01-29,2024-02-05,0.9398805,1,2.0
139272,10808,2024-01-29,2024-02-05,0.91248316,1,3.0
139272,30500,2024-01-29,2024-02-05,0.91248316,1,3.0
139272,35732,2024-01-29,2024-02-05,0.91248316,1,3.0
139272,16358,2024-02-05,2024-02-12,0.947049,1,1.0
139272,61348,2024-02-05,2024-02-12,0.9398805,1,2.0
139272,10808,2024-02-05,2024-02-12,0.91248316,1,3.0
139272,30500,2024-02-05,2024-02-12,0.91248316,1,3.0
139272,35732,2024-02-05,2024-02-12,0.91248316,1,3.0
139272,16358,2024-02-12,2024-02-19,0.947049,1,1.0
139272,61348,2024-02-12,2024-02-19,0.9398805,1,2.0
139272,10808,2024-02-12,2024-02-19,0.91248316,1,3.0
139272,30500,2024-02-12,2024-02-19,0.91248316,1,3.0
139272,35732,2024-02-12,2024-02-19,0.91248316,1,3.0
139272,16358,2024-02-19,2024-02-26,0.947049,1,1.0
139272,61348,2024-02-19,2024-02-26,0.9398805,1,2.0
139272,10808,2024-02-19,2024-02-26,0.91248316,1,3.0
139272,30500,2024-02-19,2024-02-26,0.91248316,1,3.0
139272,35732,2024-02-19,2024-02-26,0.91248316,1,3.0
139272,36720,2024-02-26,2024-03-04,0.947049,1,1.0
139272,62944,2024-02-26,2024-03-04,0.9398805,1,2.0
139272,10808,2024-02-26,2024-03-04,0.91248316,1,3.0
139272,16358,2024-02-26,2024-03-04,0.91248316,1,3.0
139272,30500,2024-02-26,2024-03-04,0.91248316,1,3.0
140277,10808,2024-01-01,2024-01-08,0.8540819,1,1.0
140277,63136,2024-01-01,2024-01-08,0.84511524,1,2.0
140277,61028,2024-01-01,2024-01-08,0.7625314,0,3.0
140277,124,2024-01-01,2024-01-08,0.70891374,0,4.0
140277,1304,2024-01-01,2024-01-08,0.70891374,0,4.0
140277,63538,2024-01-08,2024-01-15,0.9363874,1,1.0
140277,10652,2024-01-08,2024-01-15,0.8540819,1,2.0
140277,62618,2024-01-08,2024-01-15,0.84511524,1,3.0
140277,60,2024-01-08,2024-01-15,0.7625314,0,4.0
140277,11490,2024-01-08,2024-01-15,0.70891374,0,5.0
140277,62378,2024-01-15,2024-01-22,0.9363874,1,1.0
140277,10790,2024-01-15,2024-01-22,0.8540819,1,2.0
140277,62944,2024-01-15,2024-01-22,0.84511524,1,3.0
140277,60978,2024-01-15,2024-01-22,0.7625314,0,4.0
140277,1206,2024-01-15,2024-01-22,0.70891374,0,5.0
140277,62378,2024-01-22,2024-01-29,0.9363874,1,1.0
140277,10790,2024-01-22,2024-01-29,0.8540819,1,2.0
140277,62944,2024-01-22,2024-01-29,0.84511524,1,3.0
140277,60978,2024-01-22,2024-01-29,0.7625314,0,4.0
140277,1206,2024-01-22,2024-01-29,0.70891374,0,5.0
140277,62378,2024-01-29,2024-02-05,0.9363874,1,1.0
140277,10790,2024-01-29,2024-02-05,0.8540819,1,2.0
140277,62944,2024-01-29,2024-02-05,0.84511524,1,3.0
140277,60978,2024-01-29,2024-02-05,0.7625314,0,4.0
140277,1206,2024-01-29,2024-02-05,0.70891374,0,5.0
140277,62378,2024-02-05,2024-02-12,0.9363874,1,1.0
140277,10790,2024-02-05,2024-02-12,0.8540819,1,2.0
140277,62944,2024-02-05,2024-02-12,0.84511524,1,3.0
140277,60978,2024-02-05,2024-02-12,0.7625314,0,4.0
140277,1206,2024-02-05,2024-02-12,0.70891374,0,5.0
140277,62378,2024-02-12,2024-02-19,0.9363874,1,1.0
140277,10790,2024-02-12,2024-02-19,0.8540819,1,2.0
140277,62944,2024-02-12,2024-02-19,0.84511524,1,3.0
140277,60978,2024-02-12,2024-02-19,0.7625314,0,4.0
140277,1206,2024-02-12,2024-02-19,0.70891374,0,5.0
140277,62378,2024-02-19,2024-02-26,0.9363874,1,1.0
140277,10790,2024-02-19,2024-02-26,0.8540819,1,2.0
140277,62944,2024-02-19,2024-02-26,0.84511524,1,3.0
140277,60978,2024-02-19,2024-02-26,0.7625314,0,4.0
140277,1206,2024-02-19,2024-02-26,0.70891374,0,5.0
140277,10790,2024-02-26,2024-03-04,0.8540819,1,1.0
140277,62944,2024-02-26,2024-03-04,0.84511524,1,2.0
140277,60978,2024-02-26,2024-03-04,0.7625314,0,3.0
140277,1206,2024-02-26,2024-03-04,0.70891374,0,4.0
140277,124,2024-02-26,2024-03-04,0.70891374,0,4.0
148782,10652,2024-01-01,2024-01-08,0.9363874,1,1.0
148782,62276,2024-01-01,2024-01-08,0.8596475,1,2.0
148782,50724,2024-01-01,2024-01-08,0.84511524,1,3.0
148782,62274,2024-01-01,2024-01-08,0.84511524,1,3.0
148782,62376,2024-01-01,2024-01-08,0.84511524,1,3.0
148782,62074,2024-01-08,2024-01-15,0.8596475,1,1.0
148782,61672,2024-01-08,2024-01-15,0.84511524,1,2.0
148782,62170,2024-01-08,2024-01-15,0.84511524,1,2.0
148782,62614,2024-01-08,2024-01-15,0.84511524,1,2.0
148782,62860,2024-01-08,2024-01-15,0.84511524,1,2.0
148782,62274,2024-01-15,2024-01-22,0.8596475,1,1.0
148782,62170,2024-01-15,2024-01-22,0.84511524,1,2.0
148782,62276,2024-01-15,2024-01-22,0.84511524,1,2.0
148782,62618,2024-01-15,2024-01-22,0.84511524,1,2.0
148782,63136,2024-01-15,2024-01-22,0.84511524,1,2.0
148782,62274,2024-01-22,2024-01-29,0.8596475,1,1.0
148782,62170,2024-01-22,2024-01-29,0.84511524,1,2.0
148782,62276,2024-01-22,2024-01-29,0.84511524,1,2.0
148782,62618,2024-01-22,2024-01-29,0.84511524,1,2.0
148782,63136,2024-01-22,2024-01-29,0.84511524,1,2.0
148782,62274,2024-01-29,2024-02-05,0.8596475,1,1.0
148782,62170,2024-01-29,2024-02-05,0.84511524,1,2.0
148782,62276,2024-01-29,2024-02-05,0.84511524,1,2.0
148782,62618,2024-01-29,2024-02-05,0.84511524,1,2.0
148782,63136,2024-01-29,2024-02-05,0.84511524,1,2.0
148782,62274,2024-02-05,2024-02-12,0.8596475,1,1.0
148782,62170,2024-02-05,2024-02-12,0.84511524,1,2.0
148782,62276,2024-02-05,2024-02-12,0.84511524,1,2.0
148782,62618,2024-02-05,2024-02-12,0.84511524,1,2.0
148782,63136,2024-02-05,2024-02-12,0.84511524,1,2.0
148782,62274,2024-02-12,2024-02-19,0.8596475,1,1.0
148782,62170,2024-02-12,2024-02-19,0.84511524,1,2.0
148782,62276,2024-02-12,2024-02-19,0.84511524,1,2.0
148782,62618,2024-02-12,2024-02-19,0.84511524,1,2.0
148782,63136,2024-02-12,2024-02-19,0.84511524,1,2.0
148782,62274,2024-02-19,2024-02-26,0.8596475,1,1.0
148782,62170,2024-02-19,2024-02-26,0.84511524,1,2.0
148782,62276,2024-02-19,2024-02-26,0.84511524,1,2.0
148782,62618,2024-02-19,2024-02-26,0.84511524,1,2.0
148782,63136,2024-02-19,2024-02-26,0.84511524,1,2.0
148782,10652,2024-02-26,2024-03-04,0.9363874,1,1.0
148782,62274,2024-02-26,2024-03-04,0.8596475,1,2.0
148782,62170,2024-02-26,2024-03-04,0.84511524,1,3.0
148782,62276,2024-02-26,2024-03-04,0.84511524,1,3.0
148782,62618,2024-02-26,2024-03-04,0.84511524,1,3.0
149634,61348,2024-01-01,2024-01-08,0.9235685,1,1.0
149634,3382,2024-01-01,2024-01-08,0.7625314,0,2.0
149634,63136,2024-01-01,2024-01-08,0.6782754,0,3.0
149634,63218,2024-01-01,2024-01-08,0.6782754,0,3.0
149634,61560,2024-01-01,2024-01-08,0.66978616,0,4.0
149634,60978,2024-01-08,2024-01-15,0.9235685,1,1.0
149634,32496,2024-01-08,2024-01-15,0.84511524,1,2.0
149634,63136,2024-01-08,2024-01-15,0.6782754,0,3.0
149634,63540,2024-01-08,2024-01-15,0.6782754,0,3.0
149634,61542,2024-01-08,2024-01-15,0.66978616,0,4.0
149634,61280,2024-01-15,2024-01-22,0.9235685,1,1.0
149634,33534,2024-01-15,2024-01-22,0.7625314,0,2.0
149634,62944,2024-01-15,2024-01-22,0.6782754,0,3.0
149634,63188,2024-01-15,2024-01-22,0.6782754,0,3.0
149634,61558,2024-01-15,2024-01-22,0.66978616,0,4.0
149634,61280,2024-01-22,2024-01-29,0.9235685,1,1.0
149634,33534,2024-01-22,2024-01-29,0.7625314,0,2.0
149634,62944,2024-01-22,2024-01-29,0.6782754,0,3.0
149634,63188,2024-01-22,2024-01-29,0.6782754,0,3.0
149634,61558,2024-01-22,2024-01-29,0.66978616,0,4.0
149634,61280,2024-01-29,2024-02-05,0.9235685,1,1.0
149634,33534,2024-01-29,2024-02-05,0.7625314,0,2.0
149634,62944,2024-01-29,2024-02-05,0.6782754,0,3.0
149634,63188,2024-01-29,2024-02-05,0.6782754,0,3.0
149634,61558,2024-01-29,2024-02-05,0.66978616,0,4.0
149634,61280,2024-02-05,2024-02-12,0.9235685,1,1.0
149634,33534,2024-02-05,2024-02-12,0.7625314,0,2.0
149634,62944,2024-02-05,2024-02-12,0.6782754,0,3.0
149634,63188,2024-02-05,2024-02-12,0.6782754,0,3.0
149634,61558,2024-02-05,2024-02-12,0.66978616,0,4.0
149634,61280,2024-02-12,2024-02-19,0.9235685,1,1.0
149634,33534,2024-02-12,2024-02-19,0.7625314,0,2.0
149634,62944,2024-02-12,2024-02-19,0.6782754,0,3.0
149634,63188,2024-02-12,2024-02-19,0.6782754,0,3.0
149634,61558,2024-02-12,2024-02-19,0.66978616,0,4.0
149634,61280,2024-02-19,2024-02-26,0.9235685,1,1.0
149634,33534,2024-02-19,2024-02-26,0.7625314,0,2.0
149634,62944,2024-02-19,2024-02-26,0.6782754,0,3.0
149634,63188,2024-02-19,2024-02-26,0.6782754,0,3.0
149634,61558,2024-02-19,2024-02-26,0.66978616,0,4.0
149634,61280,2024-02-26,2024-03-04,0.9235685,1,1.0
149634,11262,2024-02-26,2024-03-04,0.7625314,0,2.0
149634,62944,2024-02-26,2024-03-04,0.6782754,0,3.0
149634,63188,2024-02-26,2024-03-04,0.6782754,0,3.0
149634,62400,2024-02-26,2024-03-04,0.66978616,0,4.0
153024,63136,2024-01-01,2024-01-08,0.960363,1,1.0
153024,124,2024-01-01,2024-01-08,0.9363874,1,2.0
153024,53256,2024-01-01,2024-01-08,0.9235685,1,3.0
153024,59396,2024-01-01,2024-01-08,0.8442805,1,4.0
153024,59822,2024-01-01,2024-01-08,0.8442805,1,4.0
153024,62618,2024-01-08,2024-01-15,0.960363,1,1.0
153024,36762,2024-01-08,2024-01-15,0.9363874,1,2.0
153024,53046,2024-01-08,2024-01-15,0.9235685,1,3.0
153024,57804,2024-01-08,2024-01-15,0.8442805,1,4.0
153024,59396,2024-01-08,2024-01-15,0.8442805,1,4.0
153024,62944,2024-01-15,2024-01-22,0.960363,1,1.0
153024,39186,2024-01-15,2024-01-22,0.9363874,1,2.0
153024,53160,2024-01-15,2024-01-22,0.9235685,1,3.0
153024,59394,2024-01-15,2024-01-22,0.8442805,1,4.0
153024,59816,2024-01-15,2024-01-22,0.8442805,1,4.0
153024,62944,2024-01-22,2024-01-29,0.960363,1,1.0
153024,39186,2024-01-22,2024-01-29,0.9363874,1,2.0
153024,53160,2024-01-22,2024-01-29,0.9235685,1,3.0
153024,59394,2024-01-22,2024-01-29,0.8442805,1,4.0
153024,59816,2024-01-22,2024-01-29,0.8442805,1,4.0
153024,62944,2024-01-29,2024-02-05,0.960363,1,1.0
153024,39186,2024-01-29,2024-02-05,0.9363874,1,2.0
153024,53160,2024-01-29,2024-02-05,0.9235685,1,3.0
153024,59394,2024-01-29,2024-02-05,0.8442805,1,4.0
153024,59816,2024-01-29,2024-02-05,0.8442805,1,4.0
153024,62944,2024-02-05,2024-02-12,0.960363,1,1.0
153024,39186,2024-02-05,2024-02-12,0.9363874,1,2.0
153024,53160,2024-02-05,2024-02-12,0.9235685,1,3.0
153024,59394,2024-02-05,2024-02-12,0.8442805,1,4.0
153024,59816,2024-02-05,2024-02-12,0.8442805,1,4.0
153024,62944,2024-02-12,2024-02-19,0.960363,1,1.0
153024,39186,2024-02-12,2024-02-19,0.9363874,1,2.0
153024,53160,2024-02-12,2024-02-19,0.9235685,1,3.0
153024,59394,2024-02-12,2024-02-19,0.8442805,1,4.0
153024,59816,2024-02-12,2024-02-19,0.8442805,1,4.0
153024,62944,2024-02-19,2024-02-26,0.960363,1,1.0
153024,39186,2024-02-19,2024-02-26,0.9363874,1,2.0
153024,53160,2024-02-19,2024-02-26,0.9235685,1,3.0
153024,59394,2024-02-19,2024-02-26,0.8442805,1,4.0
153024,59816,2024-02-19,2024-02-26,0.8442805,1,4.0
153024,62944,2024-02-26,2024-03-04,0.960363,1,1.0
153024,39186,2024-02-26,2024-03-04,0.9363874,1,2.0
153024,53160,2024-02-26,2024-03-04,0.9235685,1,3.0
153024,59394,2024-02-26,2024-03-04,0.8442805,1,4.0
153024,59816,2024-02-26,2024-03-04,0.8442805,1,4.0
153048,33534,2024-01-01,2024-01-08,0.8442805,1,1.0
153048,44660,2024-01-01,2024-01-08,0.8442805,1,1.0
153048,61028,2024-01-01,2024-01-08,0.8199844,1,2.0
153048,61348,2024-01-01,2024-01-08,0.8199844,1,2.0
153048,61560,2024-01-01,2024-01-08,0.8199844,1,2.0
153048,16358,2024-01-08,2024-01-15,0.8442805,1,1.0
153048,33534,2024-01-08,2024-01-15,0.8442805,1,1.0
153048,42132,2024-01-08,2024-01-15,0.8442805,1,1.0
153048,50272,2024-01-08,2024-01-15,0.8199844,1,2.0
153048,61542,2024-01-08,2024-01-15,0.8199844,1,2.0
153048,32496,2024-01-15,2024-01-22,0.8442805,1,1.0
153048,44644,2024-01-15,2024-01-22,0.8442805,1,1.0
153048,63508,2024-01-15,2024-01-22,0.8442805,1,1.0
153048,61280,2024-01-15,2024-01-22,0.8199844,1,2.0
153048,61558,2024-01-15,2024-01-22,0.8199844,1,2.0
153048,32496,2024-01-22,2024-01-29,0.8442805,1,1.0
153048,44644,2024-01-22,2024-01-29,0.8442805,1,1.0
153048,63508,2024-01-22,2024-01-29,0.8442805,1,1.0
153048,61280,2024-01-22,2024-01-29,0.8199844,1,2.0
153048,61558,2024-01-22,2024-01-29,0.8199844,1,2.0
153048,32496,2024-01-29,2024-02-05,0.8442805,1,1.0
153048,44644,2024-01-29,2024-02-05,0.8442805,1,1.0
153048,63508,2024-01-29,2024-02-05,0.8442805,1,1.0
153048,61280,2024-01-29,2024-02-05,0.8199844,1,2.0
153048,61558,2024-01-29,2024-02-05,0.8199844,1,2.0
153048,32496,2024-02-05,2024-02-12,0.8442805,1,1.0
153048,44644,2024-02-05,2024-02-12,0.8442805,1,1.0
153048,63508,2024-02-05,2024-02-12,0.8442805,1,1.0
153048,61280,2024-02-05,2024-02-12,0.8199844,1,2.0
153048,61558,2024-02-05,2024-02-12,0.8199844,1,2.0
153048,32496,2024-02-12,2024-02-19,0.8442805,1,1.0
153048,44644,2024-02-12,2024-02-19,0.8442805,1,1.0
153048,63508,2024-02-12,2024-02-19,0.8442805,1,1.0
153048,61280,2024-02-12,2024-02-19,0.8199844,1,2.0
153048,61558,2024-02-12,2024-02-19,0.8199844,1,2.0
153048,32496,2024-02-19,2024-02-26,0.8442805,1,1.0
153048,44644,2024-02-19,2024-02-26,0.8442805,1,1.0
153048,63508,2024-02-19,2024-02-26,0.8442805,1,1.0
153048,61280,2024-02-19,2024-02-26,0.8199844,1,2.0
153048,61558,2024-02-19,2024-02-26,0.8199844,1,2.0
153048,32496,2024-02-26,2024-03-04,0.8442805,1,1.0
153048,33886,2024-02-26,2024-03-04,0.8442805,1,1.0
153048,44644,2024-02-26,2024-03-04,0.8442805,1,1.0
153048,50268,2024-02-26,2024-03-04,0.8199844,1,2.0
153048,61280,2024-02-26,2024-03-04,0.8199844,1,2.0
153072,54096,2024-01-01,2024-01-08,0.8596475,1,1.0
153072,55638,2024-01-01,2024-01-08,0.84511524,1,2.0
153072,55798,2024-01-01,2024-01-08,0.84511524,1,2.0
153072,56484,2024-01-01,2024-01-08,0.84511524,1,2.0
153072,1304,2024-01-01,2024-01-08,0.8442805,1,3.0
153072,53386,2024-01-08,2024-01-15,0.8596475,1,1.0
153072,54290,2024-01-08,2024-01-15,0.84511524,1,2.0
153072,54864,2024-01-08,2024-01-15,0.84511524,1,2.0
153072,55632,2024-01-08,2024-01-15,0.84511524,1,2.0
153072,36720,2024-01-08,2024-01-15,0.83127326,1,3.0
